Datum;vodostaj (cm);pretok (m3/s);temp. vode (Â°C)
01.01.2018;147;45.819;6.3
02.01.2018;177;79.086;6.1
03.01.2018;158;57.583;5.7
04.01.2018;149;47.192;5.4
05.01.2018;141;39.292;6.4
06.01.2018;141;39.298;7.8
07.01.2018;146;43.875;8.3
08.01.2018;143;40.737;7.9
09.01.2018;141;39.304;7.7
10.01.2018;211;121.081;7.4
11.01.2018;176;77.997;7
12.01.2018;158;56.864;6.9
13.01.2018;147;44.977;6.9
14.01.2018;141;39.315;6.2
15.01.2018;137;34.732;5.3
16.01.2018;134;32.191;5.5
17.01.2018;132;30.569;6
18.01.2018;128;27.108;5.1
19.01.2018;129;27.946;5.6
20.01.2018;130;28.603;5.8
21.01.2018;126;25.359;5.6
22.01.2018;123;22.71;5.1
23.01.2018;121;20.915;5.1
24.01.2018;118;19.188;4.8
25.01.2018;117;18.322;4.9
26.01.2018;116;17.622;6.1
27.01.2018;115;16.739;5.9
28.01.2018;113;15.688;6
29.01.2018;112;14.985;5.9
30.01.2018;112;14.958;6
31.01.2018;112;14.905;5.7
01.02.2018;114;16.146;6.5
02.02.2018;154;53.578;5.5
03.02.2018;147;45.61;4.2
04.02.2018;138;36.102;4.8
05.02.2018;134;32.079;4.7
06.02.2018;131;29.458;5
07.02.2018;130;28.905;4.1
08.02.2018;128;26.716;4.6
09.02.2018;128;27.28;5.3
10.02.2018;128;26.89;5.3
11.02.2018;127;26.152;5.1
12.02.2018;128;26.718;4.2
13.02.2018;126;24.914;4.3
14.02.2018;123;22.616;4.5
15.02.2018;120;20.259;3.8
16.02.2018;118;19.308;4.1
17.02.2018;118;19.187;4.9
18.02.2018;124;23.625;5
19.02.2018;125;24;4.8
20.02.2018;123;22.969;4.6
21.02.2018;122;21.928;4.5
22.02.2018;121;21.1;3.8
23.02.2018;120;20.164;3.4
24.02.2018;118;18.83;3.9
25.02.2018;116;17.481;2.8
26.02.2018;114;15.936;1.5
27.02.2018;114;16.153;1.5
28.02.2018;112;15.079;1.3
01.03.2018;111;14.143;1.1
02.03.2018;111;14.564;1.6
03.03.2018;112;14.643;2
04.03.2018;110;13.839;3.4
05.03.2018;110;13.711;4.1
06.03.2018;113;15.369;3.5
07.03.2018;117;18.736;4.6
08.03.2018;139;37.394;4.9
09.03.2018;161;61.209;4.9
10.03.2018;197;103.975;5.2
11.03.2018;209;118.36;5.6
12.03.2018;239;158.162;6.4
13.03.2018;216;127.554;6.9
14.03.2018;198;104.314;7.4
15.03.2018;179;82.169;7.3
16.03.2018;178;80.747;7.4
17.03.2018;189;94.578;6.8
18.03.2018;203;111.323;6.2
19.03.2018;174;76.562;5.3
20.03.2018;158;57.925;5.1
21.03.2018;148;45.604;5.5
22.03.2018;140;38.327;5.6
23.03.2018;137;34.647;5.3
24.03.2018;133;31.324;6
25.03.2018;129;28.073;6.2
26.03.2018;126;25.426;6.6
27.03.2018;124;23.564;7.6
28.03.2018;124;23.364;8.1
29.03.2018;125;24.632;8.6
30.03.2018;256;184.338;7.8
31.03.2018;223;137.087;7.8
01.04.2018;211;121.088;7.9
02.04.2018;178;80.897;8.1
03.04.2018;162;62.226;8.8
04.04.2018;156;54.882;9.2
05.04.2018;156;54.594;9.3
06.04.2018;156;55.461;9.6
07.04.2018;149;46.731;9.6
08.04.2018;143;41.261;9.9
09.04.2018;143;41.378;10.4
10.04.2018;147;45.331;10.5
11.04.2018;148;46.244;10.5
12.04.2018;151;49.346;10.7
13.04.2018;179;82.519;10
14.04.2018;161;60.826;10.1
15.04.2018;151;48.814;10.8
16.04.2018;160;59.853;11.2
17.04.2018;260;188.903;11.2
18.04.2018;194;100.622;10.7
19.04.2018;174;75.817;11.1
20.04.2018;163;63.092;11.7
21.04.2018;157;56.665;12.1
22.04.2018;152;50.911;12.5
23.04.2018;149;47.074;12.4
24.04.2018;145;43.271;12.7
25.04.2018;140;38.199;12.9
26.04.2018;142;39.684;13
27.04.2018;153;52.076;12.3
28.04.2018;140;37.552;12.5
29.04.2018;136;34.417;13.2
30.04.2018;134;32.545;13.5
01.05.2018;132;30.094;12.9
02.05.2018;126;25.393;13.4
03.05.2018;126;25.433;14.3
04.05.2018;130;28.42;13.9
05.05.2018;183;86.494;13.2
06.05.2018;152;50.246;13
07.05.2018;138;36.275;13.8
08.05.2018;131;29.238;14.1
09.05.2018;128;26.721;14.3
10.05.2018;124;23.565;14.6
11.05.2018;122;21.867;14.7
12.05.2018;120;20.788;14.7
13.05.2018;122;21.965;15.5
14.05.2018;133;34.24;15.5
15.05.2018;218;129.679;13.5
16.05.2018;172;73.12;12.4
17.05.2018;147;45.576;13.1
18.05.2018;137;35.298;13.5
19.05.2018;133;31.637;14
20.05.2018;130;28.873;14.2
21.05.2018;126;25.658;14.7
22.05.2018;123;23.763;14.5
23.05.2018;122;22.565;14.5
24.05.2018;123;24.164;15
25.05.2018;135;34.318;15.7
26.05.2018;126;25.562;16.2
27.05.2018;121;22.134;17.1
28.05.2018;133;31.793;16.7
29.05.2018;130;28.962;16.2
30.05.2018;149;47.209;15.2
31.05.2018;156;55.14;15.7
01.06.2018;137;34.945;16.1
02.06.2018;133;32.814;16.8
03.06.2018;144;43.404;16.8
04.06.2018;125;24.685;17.6
05.06.2018;123;23.409;17.8
06.06.2018;122;22.582;17.4
07.06.2018;117;19.128;17.9
08.06.2018;115;18.111;18
09.06.2018;125;24.892;18.1
10.06.2018;117;19.441;18.8
11.06.2018;119;20.518;19.1
12.06.2018;121;23.552;18.9
13.06.2018;124;24.688;17.8
14.06.2018;118;19.81;17.2
15.06.2018;115;17.876;16.7
16.06.2018;111;15.202;17.3
17.06.2018;109;13.971;17.1
18.06.2018;110;14.563;18.2
19.06.2018;106;12.268;19.1
20.06.2018;105;11.793;19.7
21.06.2018;104;11.352;20.7
22.06.2018;141;43.813;18.5
23.06.2018;135;33.575;15.6
24.06.2018;118;19.872;16.7
25.06.2018;123;23.419;16.2
26.06.2018;117;19.286;16
27.06.2018;112;16.111;16.7
28.06.2018;110;14.641;16.3
29.06.2018;109;13.925;16.4
30.06.2018;108;13.201;18.1
01.07.2018;105;11.996;18.3
02.07.2018;104;11.154;18.6
03.07.2018;103;10.768;19.6
04.07.2018;105;11.57;20.2
05.07.2018;102;10.348;20.8
06.07.2018;101;9.632;20.1
07.07.2018;100;9.355;20.2
08.07.2018;99;8.813;19.6
09.07.2018;100;9.125;19.6
10.07.2018;98;8.476;20
11.07.2018;119;22.814;19
12.07.2018;151;50.498;17.7
13.07.2018;122;22.718;18.4
14.07.2018;113;16.395;19
15.07.2018;118;19.912;18.8
16.07.2018;121;22.535;17.8
17.07.2018;125;25.43;18.5
18.07.2018;114;17.106;18.9
19.07.2018;108;13.227;19.6
20.07.2018;105;11.726;20.2
21.07.2018;106;12.261;19.8
22.07.2018;105;11.936;19.8
23.07.2018;106;12.483;18.7
24.07.2018;103;10.601;18.7
25.07.2018;101;9.691;20.3
26.07.2018;108;13.712;20.3
27.07.2018;105;11.703;20.1
28.07.2018;102;10.057;21.4
29.07.2018;101;9.474;22.4
30.07.2018;99;8.871;22.5
31.07.2018;98;8.532;22.9
01.08.2018;97;8.055;23.2
02.08.2018;102;10.179;22.7
03.08.2018;103;10.667;22.6
04.08.2018;104;11.253;22.5
05.08.2018;98;8.459;22.8
06.08.2018;98;8.11;23.3
07.08.2018;97;7.7;23.8
08.08.2018;96;7.354;23.9
09.08.2018;95;7.184;24.1
10.08.2018;95;7.298;23.8
11.08.2018;98;8.431;22.8
12.08.2018;96;7.305;22.7
13.08.2018;95;6.87;22.9
14.08.2018;102;10.749;21.3
15.08.2018;99;8.867;20.6
16.08.2018;96;7.372;20.9
17.08.2018;95;7.072;21.6
18.08.2018;93;6.39;22.1
19.08.2018;93;6.295;22.5
20.08.2018;93;6.358;22.7
21.08.2018;93;6.327;22.8
22.08.2018;93;6.311;23
23.08.2018;93;6.295;23
24.08.2018;93;6.311;22.7
25.08.2018;97;8.136;20.7
26.08.2018;204;113.833;16.1
27.08.2018;159;59.4;14.6
28.08.2018;127;26.459;15.8
29.08.2018;114;16.907;17.1
30.08.2018;108;13.587;17.9
31.08.2018;115;17.818;18.2
01.09.2018;158;60.943;16.6
02.09.2018;183;86.793;15.2
03.09.2018;170;71.446;15.4
04.09.2018;166;66.514;15
05.09.2018;146;44.082;15.6
06.09.2018;132;30.512;16.4
07.09.2018;134;32.406;16.7
08.09.2018;131;29.677;16.8
09.09.2018;120;21.501;16.9
10.09.2018;116;18.097;17.6
11.09.2018;112;15.824;17.9
12.09.2018;109;14.195;18.1
13.09.2018;108;13.318;18.3
14.09.2018;106;12.405;18.2
15.09.2018;115;18.108;17.9
16.09.2018;108;13.422;17.9
17.09.2018;105;11.884;18.1
18.09.2018;103;10.853;18.4
19.09.2018;102;10.305;18.4
20.09.2018;102;10.162;18.6
21.09.2018;101;9.613;18.7
22.09.2018;103;10.883;16.9
23.09.2018;108;13.378;15.2
24.09.2018;141;42.329;15.8
25.09.2018;122;22.776;13.8
26.09.2018;111;15.018;12.9
27.09.2018;106;12.411;12.7
28.09.2018;104;11.198;13.5
29.09.2018;103;10.493;13.8
30.09.2018;101;9.731;13.2
01.10.2018;101;9.515;12.6
02.10.2018;103;10.645;13
03.10.2018;101;9.77;13.2
04.10.2018;99;8.719;13.3
05.10.2018;98;8.273;13.2
06.10.2018;97;8.037;13.4
07.10.2018;99;8.775;14.5
08.10.2018;102;10.078;15.1
09.10.2018;100;9.322;15.2
10.10.2018;99;8.552;15.1
11.10.2018;97;7.893;14.7
12.10.2018;96;7.647;14.2
13.10.2018;96;7.387;14
14.10.2018;96;7.472;13.7
15.10.2018;96;7.472;13.2
16.10.2018;96;7.472;13.5
17.10.2018;96;7.472;13.9
18.10.2018;96;7.49;14.5
19.10.2018;96;7.49;14.4
20.10.2018;96;7.371;13.7
21.10.2018;96;7.424;13.1
22.10.2018;96;7.387;11.9
23.10.2018;96;7.303;11.5
24.10.2018;96;7.595;12.1
25.10.2018;96;7.508;12.2
26.10.2018;96;7.388;12
27.10.2018;98;8.514;13.1
28.10.2018;138;40.087;12.6
29.10.2018;191;97.044;12
30.10.2018;246;169.487;11.6
31.10.2018;181;84.563;10.5
01.11.2018;155;53.438;10.2
02.11.2018;153;51.395;11.1
03.11.2018;206;115.173;11.9
04.11.2018;166;67.115;11.8
05.11.2018;147;45.015;12
06.11.2018;137;35.143;11.9
07.11.2018;137;35.634;11.8
08.11.2018;133;31.472;11.8
09.11.2018;127;26.568;11.7
10.11.2018;123;23.575;11.4
11.11.2018;120;21.155;11.1
12.11.2018;117;19.057;11.3
13.11.2018;114;17.264;11.3
14.11.2018;112;16.108;11
15.11.2018;111;15.045;10.6
16.11.2018;109;14.169;9.8
17.11.2018;108;13.39;8.5
18.11.2018;107;12.66;7.2
19.11.2018;106;12.544;6.7
20.11.2018;108;13.64;5.9
21.11.2018;109;13.951;6.4
22.11.2018;110;14.818;7.3
23.11.2018;111;14.945;7.9
24.11.2018;111;15.16;8.2
25.11.2018;159;58.059;8.4
26.11.2018;186;91.134;8.7
27.11.2018;167;67.539;8.3
28.11.2018;143;41.016;7
29.11.2018;131;29.859;5.7
30.11.2018;125;24.644;5.3
01.12.2018;121;21.609;5.2
02.12.2018;118;19.49;5.4
03.12.2018;116;18.26;6.8
04.12.2018;114;16.804;7.7
05.12.2018;111;15.355;7.3
06.12.2018;110;14.392;7.1
07.12.2018;108;13.656;6.5
08.12.2018;111;15.469;7.2
09.12.2018;111;15.332;6.4
10.12.2018;109;13.974;5.9
11.12.2018;107;12.94;4.9
12.12.2018;106;12.244;4.7
13.12.2018;105;11.748;4.2
14.12.2018;104;11.35;4.3
15.12.2018;104;11.197;4.3
16.12.2018;103;10.681;3.9
17.12.2018;102;10.367;3.7
18.12.2018;101;9.874;3
19.12.2018;101;9.711;3.4
20.12.2018;101;9.652;4
21.12.2018;100;9.414;4.3
22.12.2018;100;9.276;5.3
23.12.2018;100;9.236;4.9
24.12.2018;100;9.006;5.3
25.12.2018;99;8.682;4.4
26.12.2018;98;8.383;3.7
27.12.2018;98;8.236;3
28.12.2018;97;7.91;3
29.12.2018;97;7.892;2.8
30.12.2018;97;7.875;3
31.12.2018;96;7.63;3.8
01.01.2019;98;8.182;4.7
02.01.2019;98;8.128;3.9
03.01.2019;97;7.984;2.9
04.01.2019;97;7.735;2.1
05.01.2019;96;7.665;2.4
06.01.2019;96;7.595;2.4
07.01.2019;96;7.472;2.8
08.01.2019;96;7.472;2.7
09.01.2019;96;7.472;2.6
10.01.2019;96;7.472;2.9
11.01.2019;95;7.201;2.8
12.01.2019;95;7.066;2.6
13.01.2019;95;7.066;3
14.01.2019;95;7.066;3.8
15.01.2019;95;7.066;3.4
16.01.2019;94;6.853;3.5
17.01.2019;95;6.87;4.7
18.01.2019;118;21.179;4.5
19.01.2019;113;16.713;4
20.01.2019;104;11.319;3.9
21.01.2019;101;9.635;3.5
22.01.2019;99;8.701;3.3
23.01.2019;98;8.514;2.7
24.01.2019;98;8.164;2.8
25.01.2019;97;7.822;2.4
26.01.2019;95;7.151;1.1
27.01.2019;96;7.542;1.4
28.01.2019;121;23.137;2.5
29.01.2019;118;20.097;3.7
30.01.2019;111;15.132;4.1
31.01.2019;108;13.419;3.5
01.02.2019;105;11.777;3.7
02.02.2019;198;114.702;5.1
03.02.2019;258;185.004;6.5
04.02.2019;188;93.296;6.2
05.02.2019;156;56.086;5.3
06.02.2019;141;40.62;4.7
07.02.2019;132;32.659;4.1
08.02.2019;127;27.913;4.2
09.02.2019;122;24.19;4.5
10.02.2019;119;21.743;5.2
11.02.2019;148;49.39;5.6
12.02.2019;137;37.09;5.2
13.02.2019;127;27.713;4.8
14.02.2019;122;23.997;5
15.02.2019;119;21.743;5.2
16.02.2019;117;20.095;5.3
17.02.2019;115;18.961;5.5
18.02.2019;114;18.254;5.7
19.02.2019;113;17.672;5.8
20.02.2019;112;17.152;6
21.02.2019;111;16.033;6.8
22.02.2019;109;15.207;7
23.02.2019;109;14.854;5.2
24.02.2019;107;13.918;4.1
25.02.2019;106;13.318;5.5
26.02.2019;105;12.899;6.6
27.02.2019;105;12.759;7.4
28.02.2019;105;12.6;7.4
01.03.2019;105;12.759;7.6
02.03.2019;105;12.759;7.5
03.03.2019;104;12.215;8.2
04.03.2019;103;11.729;8.8
05.03.2019;109;15.279;8.8
06.03.2019;105;12.97;8.3
07.03.2019;104;12.104;9.3
08.03.2019;104;12.239;10.2
09.03.2019;106;13.085;10.2
10.03.2019;104;12.259;9.6
11.03.2019;104;11.949;8.4
12.03.2019;103;11.753;7.9
13.03.2019;102;10.918;7.4
14.03.2019;101;10.626;8
15.03.2019;100;10.18;8.4
16.03.2019;100;10.003;8.8
17.03.2019;99;9.748;10.4
18.03.2019;106;13.874;9
19.03.2019;110;15.512;7.7
20.03.2019;104;12.333;8
21.03.2019;102;11.107;8.1
22.03.2019;101;10.586;8.9
23.03.2019;100;10.281;10
24.03.2019;101;10.527;11.1
25.03.2019;104;12.544;10.6
26.03.2019;121;23.48;9.1
27.03.2019;110;15.445;8.2
28.03.2019;106;13.415;8.7
29.03.2019;104;12.149;9.9
30.03.2019;103;11.598;10.2
31.03.2019;102;11.254;11.2
01.04.2019;102;11.066;11.8
02.04.2019;102;11.108;11.9
03.04.2019;101;10.897;12.3
04.04.2019;102;11.085;12
05.04.2019;112;18.183;11
06.04.2019;139;38.576;9.6
07.04.2019;122;24.052;9.8
08.04.2019;120;22.331;10.5
09.04.2019;120;22.667;10.8
10.04.2019;126;27.497;10.7
11.04.2019;186;91.542;9.7
12.04.2019;179;82.002;8.8
13.04.2019;152;51.745;8.8
14.04.2019;138;37.476;8.6
15.04.2019;131;31.035;9.6
16.04.2019;124;25.63;10.5
17.04.2019;120;22.327;11.3
18.04.2019;117;20.357;11.7
19.04.2019;115;18.736;12.1
20.04.2019;113;17.533;13.1
21.04.2019;113;17.344;13.4
22.04.2019;112;17.101;13.8
23.04.2019;113;17.681;12.3
24.04.2019;135;34.931;11.6
25.04.2019;138;37.68;12.5
26.04.2019;128;29.034;13.8
27.04.2019;122;24.09;12.9
28.04.2019;118;20.867;11.3
29.04.2019;117;20.209;10
30.04.2019;114;18.513;10.5
01.05.2019;113;17.673;12.3
02.05.2019;111;16.347;14
03.05.2019;110;15.955;13.4
04.05.2019;114;18.026;12.2
05.05.2019;126;27.242;10.6
06.05.2019;130;30.831;8.9
07.05.2019;122;23.92;10.4
08.05.2019;119;21.467;11.6
09.05.2019;120;22.484;11.4
10.05.2019;126;26.922;11.5
11.05.2019;122;24.028;13.2
12.05.2019;123;24.675;12.3
13.05.2019;133;33.225;9.8
14.05.2019;133;32.981;9
15.05.2019;130;30.57;8.7
16.05.2019;137;37.099;9.8
17.05.2019;130;30.491;11.3
18.05.2019;127;27.866;12
19.05.2019;128;28.903;12.2
20.05.2019;140;39.205;12.2
21.05.2019;141;40.097;11.7
22.05.2019;139;38.997;11.8
23.05.2019;131;31.149;13.2
24.05.2019;124;25.952;14.9
25.05.2019;121;23.326;15.1
26.05.2019;118;21.138;15
27.05.2019;117;20.579;14.6
28.05.2019;147;47.578;14.1
29.05.2019;210;120.498;12.5
30.05.2019;248;169.949;11.2
31.05.2019;199;106.584;11.5
01.06.2019;167;68.687;12.2
02.06.2019;154;53.784;13.3
03.06.2019;145;44.732;14.8
04.06.2019;137;37.006;15.8
05.06.2019;133;33.237;16.4
06.06.2019;132;32.335;17
07.06.2019;127;27.671;17.4
08.06.2019;122;24.379;17.9
09.06.2019;120;22.295;18.4
10.06.2019;117;20.596;18.9
11.06.2019;115;19.02;19.2
12.06.2019;113;17.811;19.3
13.06.2019;112;16.775;20.1
14.06.2019;110;15.617;20.2
15.06.2019;109;14.854;19.9
16.06.2019;109;14.913;20.5
17.06.2019;110;15.922;19.8
18.06.2019;108;14.662;19.5
19.06.2019;106;13.296;20.2
20.06.2019;105;12.669;20.4
21.06.2019;104;12.172;20.3
22.06.2019;153;65.933;18.5
23.06.2019;209;118.722;17
24.06.2019;161;61.469;16.9
25.06.2019;134;34.038;18
26.06.2019;124;25.569;19.5
27.06.2019;119;21.594;20.7
28.06.2019;114;18.52;21.2
29.06.2019;111;16.113;20.7
30.06.2019;109;14.981;20.8
01.07.2019;107;13.87;21.6
02.07.2019;115;21.686;21.5
03.07.2019;144;45.497;19.3
04.07.2019;156;56.1;17.8
05.07.2019;127;28;18.7
06.07.2019;118;20.725;20.3
07.07.2019;119;22.337;20.5
08.07.2019;118;20.937;18.7
09.07.2019;120;22.903;17.8
10.07.2019;114;18.035;18.4
11.07.2019;110;15.695;18.4
12.07.2019;108;14.604;18.9
13.07.2019;114;18.22;18.3
14.07.2019;108;14.632;18.2
15.07.2019;106;13.135;18.6
16.07.2019;104;12.194;19.1
17.07.2019;102;11.383;20.1
18.07.2019;101;10.897;20.7
19.07.2019;101;10.732;21.2
20.07.2019;100;9.984;21.8
21.07.2019;100;10.175;22.1
22.07.2019;104;12.508;22.3
23.07.2019;100;10.122;23
24.07.2019;99;9.615;23.8
25.07.2019;98;9.293;24.4
26.07.2019;97;8.941;24.1
27.07.2019;102;11.2;23.6
28.07.2019;111;17.817;21.2
29.07.2019;169;70.469;17.9
30.07.2019;135;35.106;18
31.07.2019;144;44.297;19.7
01.08.2019;121;23.356;19.7
02.08.2019;119;22.098;19.3
03.08.2019;124;25.436;18.7
04.08.2019;118;20.758;18.8
05.08.2019;112;16.98;19.2
06.08.2019;108;14.41;20.5
07.08.2019;105;12.948;21.3
08.08.2019;106;13.359;20.1
09.08.2019;112;17.103;20.2
10.08.2019;106;13.159;21.7
11.08.2019;103;11.664;22
12.08.2019;101;10.709;22.2
13.08.2019;100;10.243;21.4
14.08.2019;121;23.638;19.2
15.08.2019;108;14.575;18.6
16.08.2019;105;12.487;19
17.08.2019;103;11.774;19.3
18.08.2019;101;10.668;20.7
19.08.2019;99;9.886;21.6
20.08.2019;99;9.5;22.3
21.08.2019;98;9.07;21.1
22.08.2019;97;8.868;19.8
23.08.2019;98;9.218;19.4
24.08.2019;102;12.274;20.2
25.08.2019;152;52.067;19
26.08.2019;122;23.917;18.2
27.08.2019;115;18.674;19.2
28.08.2019;109;14.781;20
29.08.2019;106;13.345;20
30.08.2019;105;12.532;20.8
31.08.2019;104;12.306;21.1
01.09.2019;103;11.555;21.2
02.09.2019;114;20.869;20.6
03.09.2019;150;49.532;18.6
04.09.2019;123;24.575;17.3
05.09.2019;112;17.274;17.3
06.09.2019;109;14.908;16.6
07.09.2019;118;20.875;15.9
08.09.2019;160;61.153;15.3
09.09.2019;200;108.202;14.6
10.09.2019;156;55.382;14.1
11.09.2019;136;34.253;14.3
12.09.2019;125;25.384;15.3
13.09.2019;119;20.469;16.1
14.09.2019;115;17.76;16.5
15.09.2019;112;15.978;17.2
16.09.2019;110;14.491;17.6
17.09.2019;108;13.559;18.1
18.09.2019;108;13.32;17
19.09.2019;106;12.224;15.6
20.09.2019;104;10.982;14.7
21.09.2019;103;10.556;14.2
22.09.2019;102;10.159;13.7
23.09.2019;102;10.305;14.7
24.09.2019;112;15.698;15.8
25.09.2019;106;12.535;15.4
26.09.2019;126;26.521;15.7
27.09.2019;110;14.687;15.6
28.09.2019;106;12.066;15.8
29.09.2019;107;12.802;16.2
30.09.2019;106;12.018;16.8
01.10.2019;104;11.396;17.1
02.10.2019;117;20.734;16.6
03.10.2019;141;39.675;14.7
04.10.2019;121;22.29;13.2
05.10.2019;114;17.081;13.4
06.10.2019;110;14.796;13.4
07.10.2019;107;12.877;13.2
08.10.2019;105;11.615;12.5
09.10.2019;103;10.81;12.4
10.10.2019;125;25.576;13.3
11.10.2019;118;19.623;13.4
12.10.2019;111;15.359;13.3
13.10.2019;108;13.632;13.7
14.10.2019;107;12.637;13.9
15.10.2019;106;12.132;14
16.10.2019;105;11.998;14.6
17.10.2019;105;11.705;14.9
18.10.2019;103;10.814;14.1
19.10.2019;102;10.18;14.2
20.10.2019;101;9.793;14.7
21.10.2019;101;9.493;15.2
22.10.2019;100;9.14;15.2
23.10.2019;99;8.852;14.7
24.10.2019;99;8.794;14.1
25.10.2019;99;8.551;13.4
26.10.2019;98;8.327;12.9
27.10.2019;98;8.182;12.7
28.10.2019;97;7.965;12.2
29.10.2019;98;8.391;11.7
30.10.2019;99;8.973;10.8
31.10.2019;99;8.938;10
01.11.2019;98;8.445;9.9
02.11.2019;97;7.875;10.2
03.11.2019;102;10.601;11.7
04.11.2019;160;59.76;11.6
05.11.2019;174;77.241;10.8
06.11.2019;233;149.564;10.9
07.11.2019;197;103.055;10.4
08.11.2019;163;63.145;9.5
09.11.2019;165;65.814;10.3
10.11.2019;158;57.72;9.9
11.11.2019;143;41.583;9.1
12.11.2019;148;46.683;9.5
13.11.2019;235;155.663;9.7
14.11.2019;226;141.273;9.4
15.11.2019;181;84.163;9.4
16.11.2019;233;150.425;10
17.11.2019;201;107.942;10.5
18.11.2019;269;202.166;10.2
19.11.2019;212;122.38;9.6
20.11.2019;185;88.663;9.7
21.11.2019;186;90.552;9.9
22.11.2019;173;74.392;9.6
23.11.2019;162;62.494;9.8
24.11.2019;155;54.412;9.7
25.11.2019;150;48.671;9.5
26.11.2019;145;43.261;9.2
27.11.2019;141;38.763;9.2
28.11.2019;157;56.279;9.9
29.11.2019;153;52.12;9.3
30.11.2019;141;39.19;8.8
01.12.2019;134;33.01;7.6
02.12.2019;161;62.051;7.5
03.12.2019;165;65.71;7.5
04.12.2019;148;46.101;6.4
05.12.2019;140;37.889;6
06.12.2019;134;32.673;5.4
07.12.2019;130;29.402;5.8
08.12.2019;127;26.362;5.9
09.12.2019;128;27.289;6.8
10.12.2019;138;36.791;6.8
11.12.2019;128;27.043;5.3
12.12.2019;125;24.865;4.4
13.12.2019;124;24.479;4.8
14.12.2019;131;29.686;4.6
15.12.2019;128;27.184;4.9
16.12.2019;144;41.829;6.6
17.12.2019;142;39.757;8.5
18.12.2019;134;32.643;9.1
19.12.2019;130;29.081;9.5
20.12.2019;129;28.276;9.3
21.12.2019;187;101.249;9.4
22.12.2019;292;237.723;8.5
23.12.2019;249;172.492;8.2
24.12.2019;191;96.989;7.4
25.12.2019;170;71.958;6.9
26.12.2019;157;57.609;6.6
27.12.2019;149;48.047;6.4
28.12.2019;142;41.708;5.9
29.12.2019;136;36.084;4.6
30.12.2019;131;31.457;3.9
31.12.2019;128;28.52;4.2
01.01.2020;125;26.717;4.3
02.01.2020;123;24.67;4
03.01.2020;121;23.2;3.8
04.01.2020;119;22.109;4.4
05.01.2020;118;20.775;4.7
06.01.2020;116;19.51;3.7
07.01.2020;115;18.876;3.1
08.01.2020;113;17.837;2.9
09.01.2020;112;17.097;3.5
10.01.2020;111;16.507;4.3
11.01.2020;110;15.85;4.2
12.01.2020;109;15.309;4.5
13.01.2020;109;14.779;3.8
14.01.2020;108;14.454;3.7
15.01.2020;107;13.916;3.7
16.01.2020;106;13.414;4.3
17.01.2020;106;13.062;4.6
18.01.2020;105;12.759;4.7
19.01.2020;105;12.532;4.6
20.01.2020;104;11.949;4.3
21.01.2020;103;11.534;4.3
22.01.2020;102;11.19;3.6
23.01.2020;102;11.168;2.9
24.01.2020;101;10.855;2.6
25.01.2020;101;10.73;3.8
26.01.2020;100;10.383;4.6
27.01.2020;100;10.18;5.1
28.01.2020;101;10.73;5.9
29.01.2020;124;26.163;5.1
30.01.2020;112;16.893;4.8
31.01.2020;107;13.775;6
01.02.2020;105;12.646;6.5
02.02.2020;104;12.214;7.5
03.02.2020;104;12.192;8
04.02.2020;106;13.085;8.1
05.02.2020;108;14.201;5.7
06.02.2020;104;12.261;4.5
07.02.2020;103;11.491;4.1
08.02.2020;102;11.192;4
09.02.2020;101;10.751;4.2
10.02.2020;101;10.566;6.1
11.02.2020;104;12.025;7.2
12.02.2020;103;11.797;7
13.02.2020;102;10.94;5.9
14.02.2020;101;10.792;7.1
15.02.2020;100;10.363;6.7
16.02.2020;100;10.18;6.5
17.02.2020;99;9.886;7.4
18.02.2020;99;9.807;8
19.02.2020;99;9.769;8.1
20.02.2020;99;9.709;7.4
21.02.2020;99;9.652;6.6
22.02.2020;98;9.272;6.5
23.02.2020;98;9.253;7.2
24.02.2020;98;9.216;7.2
25.02.2020;98;9.253;6.6
26.02.2020;112;18.09;6.9
27.02.2020;123;24.718;5.7
28.02.2020;118;21.312;6.4
29.02.2020;112;17.241;5.5
01.03.2020;111;16.634;6.9
02.03.2020;192;98.144;7.8
03.03.2020;189;94.85;7.9
04.03.2020;169;71.292;7.5
05.03.2020;144;43.925;6.9
06.03.2020;139;38.856;7
07.03.2020;136;35.811;7.5
08.03.2020;128;29.014;7.4
09.03.2020;124;25.357;7.2
10.03.2020;120;22.578;8
11.03.2020;117;20.567;8.9
12.03.2020;116;19.571;9.7
13.03.2020;118;21.416;9.1
14.03.2020;117;20.04;8.9
15.03.2020;114;18.061;8.8
16.03.2020;111;16.454;7.9
17.03.2020;110;15.591;8.6
18.03.2020;109;15.004;10.3
19.03.2020;109;14.779;10.7
20.03.2020;109;14.834;11.1
21.03.2020;109;15.285;11
22.03.2020;112;17.051;9
23.03.2020;108;14.464;6.9
24.03.2020;105;12.992;5.7
25.03.2020;105;12.714;5.2
26.03.2020;104;12.418;4.7
27.03.2020;104;12.282;6.4
28.03.2020;105;12.691;8.5
29.03.2020;104;12.396;9.9
30.03.2020;114;18.525;8.9
31.03.2020;115;19.016;7.4
01.04.2020;111;16.51;7.3
02.04.2020;109;15.182;7.8
03.04.2020;108;14.429;8.7
04.04.2020;106;13.437;9.7
05.04.2020;105;12.782;9.9
06.04.2020;105;12.691;10.8
07.04.2020;105;12.83;11.1
08.04.2020;105;12.782;11.2
09.04.2020;105;12.782;11.8
10.04.2020;105;12.947;12.7
11.04.2020;105;12.992;13.4
12.04.2020;105;12.992;13.7
13.04.2020;105;12.718;13.7
14.04.2020;109;15.006;11.6
15.04.2020;106;13.407;10.5
16.04.2020;103;11.599;12
17.04.2020;102;11.211;13.9
18.04.2020;103;11.624;14.9
19.04.2020;104;12.129;15.5
20.04.2020;108;14.422;14.2
21.04.2020;105;12.491;13.1
22.04.2020;102;10.982;13.1
23.04.2020;100;10.261;13.7
24.04.2020;100;10.023;14.3
25.04.2020;99;9.925;15.6
26.04.2020;100;9.964;15.7
27.04.2020;99;9.866;16.2
28.04.2020;99;9.748;16
29.04.2020;99;9.927;15.5
30.04.2020;101;10.712;15.9
01.05.2020;102;11.229;16.1
02.05.2020;103;11.883;15.9
03.05.2020;102;11.261;15
04.05.2020;99;9.635;14.8
05.05.2020;97;8.886;14.2
06.05.2020;97;8.923;14.4
07.05.2020;97;8.618;15.2
08.05.2020;96;8.423;16.6
09.05.2020;95;8.047;17.9
10.05.2020;95;8.132;17.4
11.05.2020;96;8.423;16.3
12.05.2020;102;11.376;14
13.05.2020;114;18.361;13
14.05.2020;107;13.691;15.2
15.05.2020;103;11.492;15.1
16.05.2020;119;22.493;13.6
17.05.2020;119;21.746;13.5
18.05.2020;110;15.836;15.3
19.05.2020;107;13.98;15
20.05.2020;133;33.195;13.1
21.05.2020;121;23.741;13.7
22.05.2020;111;16.497;15.1
23.05.2020;107;13.679;16.5
24.05.2020;113;17.509;16.9
25.05.2020;110;15.71;15.4
26.05.2020;106;13.161;14.7
27.05.2020;103;11.623;14.9
28.05.2020;101;10.627;14.7
29.05.2020;100;10.322;14.1
30.05.2020;99;9.847;14.5
31.05.2020;98;9.405;13.8
01.06.2020;98;9.235;14.6
02.06.2020;97;8.795;16.6
03.06.2020;97;8.689;18.2
04.06.2020;96;8.565;17.5
05.06.2020;132;37.841;15.8
06.06.2020;157;56.986;12.6
07.06.2020;129;29.849;14.5
08.06.2020;139;40.035;14.7
09.06.2020;167;68.671;12
10.06.2020;159;59.874;12.2
11.06.2020;136;36.15;13.8
12.06.2020;125;26.038;15.5
13.06.2020;118;21.141;17.2
14.06.2020;115;18.72;17.6
15.06.2020;121;23.277;15.7
16.06.2020;120;22.463;15.2
17.06.2020;115;19.165;15.4
18.06.2020;112;17.182;16.9
19.06.2020;111;16.034;18.1
20.06.2020;109;14.91;16.9
21.06.2020;106;13.461;16
22.06.2020;106;13.09;16.7
23.06.2020;103;11.717;19.5
24.06.2020;102;11.001;19.8
25.06.2020;106;13.596;18.2
26.06.2020;151;50.714;16.9
27.06.2020;122;24.429;18.3
28.06.2020;113;17.465;20.1
29.06.2020;111;16.552;20.5
30.06.2020;115;19.273;18.9
01.07.2020;110;15.997;20
02.07.2020;118;21.101;20.2
03.07.2020;174;76.991;18.7
04.07.2020;134;34.029;17.5
05.07.2020;119;21.979;18.7
06.07.2020;114;18.514;20
07.07.2020;203;111.49;17.4
08.07.2020;149;48.33;16.1
09.07.2020;130;30.239;17.7
10.07.2020;121;23.56;19
11.07.2020;119;21.605;18.9
12.07.2020;142;41.68;17.1
13.07.2020;124;25.769;16.7
14.07.2020;117;20.277;17
15.07.2020;113;17.672;18.1
16.07.2020;116;19.772;18.3
17.07.2020;123;24.745;17.7
18.07.2020;116;19.41;16.6
19.07.2020;111;16.482;17
20.07.2020;109;15.031;19.1
21.07.2020;106;13.51;20.7
22.07.2020;113;18.946;20.9
23.07.2020;116;19.76;19.9
24.07.2020;140;41.37;18.6
25.07.2020;166;67.451;16.9
26.07.2020;135;34.794;16.8
27.07.2020;123;24.637;18.4
28.07.2020;116;19.69;20.1
29.07.2020;116;20.641;21.3
30.07.2020;170;74.007;19.9
31.07.2020;127;28.401;20
01.08.2020;123;25.188;20.7
02.08.2020;124;25.398;19.6
03.08.2020;133;33.517;18.1
04.08.2020;196;102.825;17.9
05.08.2020;168;69.658;16.8
06.08.2020;146;45.448;16.9
07.08.2020;134;33.972;18.1
08.08.2020;126;27.404;18.8
09.08.2020;121;23.455;19.5
10.08.2020;118;21.256;20
11.08.2020;117;20.211;19.4
12.08.2020;118;21.252;19.1
13.08.2020;114;18.452;20.1
14.08.2020;119;22.375;20.4
15.08.2020;128;29.25;18.7
16.08.2020;116;19.879;19.4
17.08.2020;113;17.436;20.1
18.08.2020;113;17.749;19.4
19.08.2020;109;15.313;19.1
20.08.2020;107;13.942;19.7
21.08.2020;106;13.085;20.9
22.08.2020;104;12.418;21.9
23.08.2020;106;13.344;20.7
24.08.2020;105;12.879;19.2
25.08.2020;104;12.468;19.4
26.08.2020;102;11.276;19.7
27.08.2020;101;10.709;20.4
28.08.2020;100;10.221;20.7
29.08.2020;100;10.302;21.2
30.08.2020;104;12.116;20.3
31.08.2020;116;19.563;18.4
01.09.2020;146;45.258;16.5
02.09.2020;125;26.24;15.6
03.09.2020;114;18.164;16
04.09.2020;109;15.111;17.2
05.09.2020;107;13.606;18.2
06.09.2020;105;12.691;18.7
07.09.2020;136;36.425;17.1
08.09.2020;119;22.139;16.2
09.09.2020;111;16.468;16.9
10.09.2020;108;14.514;17.9
11.09.2020;105;12.901;18.1
12.09.2020;104;12.061;18.4
13.09.2020;102;11.319;18.7
14.09.2020;101;10.813;19.1
15.09.2020;100;10.342;19.1
16.09.2020;100;9.984;18.9
17.09.2020;99;9.709;18.2
18.09.2020;98;9.462;17.5
19.09.2020;98;9.161;16.8
20.09.2020;97;8.813;16.3
21.09.2020;97;8.813;16.5
22.09.2020;97;8.967;17.3
23.09.2020;99;9.698;17.9
24.09.2020;96;8.565;17.8
25.09.2020;126;32.74;16.8
26.09.2020;193;99.451;12.7
27.09.2020;147;46.525;11.4
28.09.2020;190;95.875;12.9
29.09.2020;165;66.392;12.6
30.09.2020;141;40.66;12.7
01.10.2020;130;30.393;12.8
02.10.2020;123;25.099;13
03.10.2020;130;32.215;13.8
04.10.2020;186;91.261;13.3
05.10.2020;171;73.519;12.6
06.10.2020;168;69.165;12.4
07.10.2020;163;63.765;12.8
08.10.2020;155;54.624;12.1
09.10.2020;140;39.78;12.1
10.10.2020;133;32.765;12.5
11.10.2020;185;95.475;12.7
12.10.2020;256;187.431;11.1
13.10.2020;182;85.687;11.3
14.10.2020;158;58.654;11.1
15.10.2020;173;76.397;10.5
16.10.2020;194;100.287;10.7
17.10.2020;166;67.547;10.9
18.10.2020;152;51.849;10.9
19.10.2020;144;43.725;11.1
20.10.2020;139;38.405;10.9
21.10.2020;133;33.417;11
22.10.2020;132;32.06;11.5
23.10.2020;130;30.588;11.5
24.10.2020;129;30.059;12.1
25.10.2020;130;30.171;12.3
26.10.2020;125;26.019;12.3
27.10.2020;144;45.764;11.9
28.10.2020;156;56.482;11.3
29.10.2020;137;37.221;10.3
30.10.2020;130;30.283;10.6
31.10.2020;125;26.585;11.2
01.11.2020;122;24.154;10.8
02.11.2020;120;22.45;11.3
03.11.2020;118;20.985;11.9
04.11.2020;117;20.477;11.9
05.11.2020;116;19.834;11.6
06.11.2020;114;18.543;10.6
07.11.2020;112;17.017;9
08.11.2020;113;17.343;8.4
09.11.2020;111;16.325;8
10.11.2020;110;15.879;8.4
11.11.2020;109;15.363;8.4
12.11.2020;109;15.033;8.6
13.11.2020;108;14.338;8.9
14.11.2020;107;13.776;8.8
15.11.2020;105;12.759;8.6
16.11.2020;126;33.156;8.5
17.11.2020;169;70.932;8.6
18.11.2020;134;33.932;8.1
19.11.2020;125;26.492;7.8
20.11.2020;122;23.77;8
21.11.2020;118;21.055;6.7
22.11.2020;114;18.593;5.3
23.11.2020;113;17.426;5.1
24.11.2020;111;16.351;5.6
25.11.2020;110;15.591;5
26.11.2020;109;14.979;5.1
27.11.2020;108;14.209;5.2
28.11.2020;107;13.676;5.3
29.11.2020;106;13.248;5.5
30.11.2020;105;12.532;4.9
01.12.2020;104;12.214;4
02.12.2020;104;12.082;3.8
03.12.2020;105;12.899;2.9
04.12.2020;104;12.127;3.7
05.12.2020;103;11.861;4.5
06.12.2020;113;17.89;4.8
07.12.2020;173;76.187;5.5
08.12.2020;158;58;5.8
09.12.2020;179;81.879;5.3
10.12.2020;163;63.75;5.6
11.12.2020;154;53.568;6.1
12.12.2020;148;47.192;6.5
13.12.2020;142;41.533;6.5
14.12.2020;134;34.057;5.8
15.12.2020;130;30.272;5.7
16.12.2020;126;27.257;5.5
17.12.2020;126;26.949;6
18.12.2020;125;26.212;6.3
19.12.2020;125;26.245;7
20.12.2020;125;26.079;7
21.12.2020;123;24.993;6.8
22.12.2020;122;24.055;6.8
23.12.2020;121;23.61;6.8
24.12.2020;123;25.091;7.7
25.12.2020;235;153.498;7.4
26.12.2020;190;95.682;6.6
27.12.2020;161;62.068;5.3
28.12.2020;156;55.547;5.1
29.12.2020;200;107.919;5.5
30.12.2020;211;120.854;6.3
31.12.2020;178;81.452;6.6
01.01.2021;160;60.375;6
02.01.2021;167;68.993;6.4
03.01.2021;189;94.517;6.7
04.01.2021;173;75.069;6.9
05.01.2021;159;58.964;6.7
06.01.2021;160;60.128;5.5
07.01.2021;154;54.123;5.6
08.01.2021;145;44.348;5.8
09.01.2021;138;37.578;4.9
10.01.2021;133;32.939;4.2
11.01.2021;129;29.882;4.1
12.01.2021;125;26.754;3
13.01.2021;123;24.672;3
14.01.2021;120;22.666;3
15.01.2021;117;20.63;2.8
16.01.2021;115;18.993;2.5
17.01.2021;113;17.782;2.1
18.01.2021;112;17.234;2.8
19.01.2021;111;16.174;3.1
20.01.2021;112;16.681;4.2
21.01.2021;120;22.663;5.6
22.01.2021;183;90.727;6.3
23.01.2021;280;218.354;6.8
24.01.2021;226;141.204;6.3
25.01.2021;184;87.584;5.5
26.01.2021;161;61.554;4.8
27.01.2021;149;48.091;4.1
28.01.2021;141;40.956;4.2
29.01.2021;137;36.344;4.6
30.01.2021;133;32.869;5.2
31.01.2021;133;33.501;4.9
01.02.2021;129;30.092;4.5
02.02.2021;127;28.183;4.7
03.02.2021;129;29.954;5.5
04.02.2021;136;36.314;7.3
05.02.2021;141;40.584;7.7
06.02.2021;145;44.742;7.9
07.02.2021;151;50.765;8.4
08.02.2021;254;179.644;7.6
09.02.2021;208;116.845;6.8
10.02.2021;215;126.368;6.3
11.02.2021;252;177.753;5.8
12.02.2021;189;94.261;4.4
13.02.2021;166;67.731;3.5
14.02.2021;154;54.114;3.7
15.02.2021;145;44.836;3.5
16.02.2021;141;40.191;4.6
17.02.2021;137;37.069;5.3
18.02.2021;133;33.309;5.6
19.02.2021;130;30.589;6.4
20.02.2021;128;28.452;6.9
21.02.2021;126;26.983;7.3
22.02.2021;124;25.484;7.7
23.02.2021;123;24.935;7.6
24.02.2021;123;24.997;7.6
25.02.2021;125;26.583;7.8
26.02.2021;127;28.353;8
27.02.2021;126;27.56;7.4
28.02.2021;123;24.835;6.8
01.03.2021;120;22.511;6.6
02.03.2021;118;20.804;6.8
03.03.2021;116;19.623;7
04.03.2021;115;19.047;7.6
05.03.2021;115;19.224;8.3
06.03.2021;116;19.419;7.4
07.03.2021;112;16.909;6.2
08.03.2021;111;16.294;6.4
09.03.2021;110;15.746;7.2
10.03.2021;109;15.079;6.9
11.03.2021;108;14.454;6.5
12.03.2021;108;14.186;7.4
13.03.2021;108;14.656;8.7
14.03.2021;116;20.42;7.8
15.03.2021;119;21.608;6.9
16.03.2021;113;17.404;7.2
17.03.2021;110;15.412;6.6
18.03.2021;108;14.282;6.3
19.03.2021;106;13.533;6.3
20.03.2021;105;13.016;6
21.03.2021;105;12.51;5.4
22.03.2021;104;12.259;6.3
23.03.2021;103;11.772;6.7
24.03.2021;103;11.534;8.2
25.03.2021;102;11.19;9
26.03.2021;102;11.002;9.8
27.03.2021;102;11.342;10.8
28.03.2021;103;11.706;10.2
29.03.2021;103;11.598;10
30.03.2021;103;11.449;11.7
31.03.2021;106;13.479;12.6
01.04.2021;112;16.871;12.8
02.04.2021;116;19.76;12.3
03.04.2021;136;36.372;11.2
04.04.2021;126;27.19;9.3
05.04.2021;116;19.465;9.2
06.04.2021;115;19.123;7.9
07.04.2021;112;17.213;6.3
08.04.2021;109;15.287;6.5
09.04.2021;107;13.991;8
10.04.2021;106;13.225;9.5
11.04.2021;105;12.555;9.9
12.04.2021;107;13.888;10.4
13.04.2021;151;50.43;8.6
14.04.2021;134;34.198;7.8
15.04.2021;123;24.784;8.2
16.04.2021;118;20.962;8.9
17.04.2021;115;18.791;9.3
18.04.2021;113;17.479;9.2
19.04.2021;111;16.507;9.5
20.04.2021;111;16.404;10.3
21.04.2021;109;15.207;11.3
22.04.2021;109;14.829;12.4
23.04.2021;109;15.108;13
24.04.2021;109;15.107;12.9
25.04.2021;110;15.757;13
26.04.2021;111;16.272;11.7
27.04.2021;110;15.853;9.4
28.04.2021;108;14.456;9.4
29.04.2021;106;13.582;11.7
30.04.2021;114;18.743;13.9
01.05.2021;123;24.704;13.6
02.05.2021;164;66.746;12.1
03.05.2021;199;106.34;9.7
04.05.2021;162;63.32;10.1
05.05.2021;144;43.671;11.1
06.05.2021;183;87.143;9.7
07.05.2021;221;141.913;9.2
08.05.2021;237;156.375;10
09.05.2021;181;84.723;10.9
10.05.2021;161;61.871;12.6
11.05.2021;155;54.81;13.2
12.05.2021;153;53.096;12.7
13.05.2021;149;48.813;11.8
14.05.2021;140;39.411;11.8
15.05.2021;134;33.755;12.1
16.05.2021;130;30.838;13.2
17.05.2021;210;124.699;12
18.05.2021;195;100.848;10.7
19.05.2021;222;137.378;11
20.05.2021;202;109.4;10.8
21.05.2021;171;72.881;11.5
22.05.2021;157;56.722;11.9
23.05.2021;169;71.855;11.4
24.05.2021;206;114.924;9.6
25.05.2021;221;134.274;10.5
26.05.2021;212;121.933;10.8
27.05.2021;184;88.314;11.7
28.05.2021;179;82.619;12.2
29.05.2021;163;63.794;11.9
30.05.2021;156;55.647;11.7
31.05.2021;147;46.617;12.1
01.06.2021;141;40.311;13.1
02.06.2021;137;36.496;13.8
03.06.2021;135;35.325;14.5
04.06.2021;132;32.024;15.6
05.06.2021;138;38.135;15.9
06.06.2021;155;55.059;14.5
07.06.2021;157;57.579;14.8
08.06.2021;151;50.304;14.4
09.06.2021;141;40.639;14.7
10.06.2021;140;39.495;15
11.06.2021;132;32.611;15.1
12.06.2021;128;28.523;15.6
13.06.2021;124;25.949;16.6
14.06.2021;122;23.939;16.5
15.06.2021;119;21.834;16.7
16.06.2021;117;20.566;17.8
17.06.2021;116;19.393;18.8
18.06.2021;114;18.423;19.5
19.06.2021;113;17.754;20.1
20.06.2021;115;18.877;20.5
21.06.2021;112;16.855;21.3
22.06.2021;110;15.98;21.7
23.06.2021;109;15.106;21.4
24.06.2021;107;14.038;22
25.06.2021;106;13.271;22.1
26.06.2021;105;12.714;21.5
27.06.2021;104;12.17;21.5
28.06.2021;103;11.62;22.1
29.06.2021;102;11.085;22.6
30.06.2021;101;10.688;22.6
01.07.2021;103;11.834;20.2
02.07.2021;104;12.1;18.9
03.07.2021;100;10.181;19.7
04.07.2021;99;9.812;19.6
05.07.2021;133;34.35;18.4
06.07.2021;112;16.945;19.4
07.07.2021;105;12.493;21.8
08.07.2021;102;10.959;22.6
09.07.2021;100;10.241;23.1
10.07.2021;99;9.71;22.5
11.07.2021;98;9.367;22.1
12.07.2021;101;10.804;22.3
13.07.2021;98;9.218;22.5
14.07.2021;100;10.049;22.5
15.07.2021;98;9.295;21.8
16.07.2021;97;8.762;19.9
17.07.2021;105;12.901;18.7
18.07.2021;122;26.763;18.6
19.07.2021;158;59.28;17.7
20.07.2021;122;24.276;18.2
21.07.2021;111;16.343;19.5
22.07.2021;106;13.252;20
23.07.2021;104;12.108;20.1
24.07.2021;102;11.213;20.7
25.07.2021;100;10.404;21.8
26.07.2021;99;9.69;21.7
27.07.2021;98;9.253;21.1
28.07.2021;97;8.814;22.1
29.07.2021;97;8.798;22.7
30.07.2021;96;8.32;23.5
31.07.2021;99;9.906;22.8
01.08.2021;111;17.277;21.3
02.08.2021;128;28.961;18.9
03.08.2021;114;18.037;18.6
04.08.2021;110;15.58;18.8
05.08.2021;122;26.02;18.4
06.08.2021;128;29.165;17.6
07.08.2021;113;17.402;18.7
08.08.2021;108;14.607;19.5
09.08.2021;121;23.505;19.7
10.08.2021;107;14.147;20.4
11.08.2021;104;12.062;21.6
12.08.2021;101;10.772;22.1
13.08.2021;100;9.984;22.4
14.08.2021;99;9.733;23.3
15.08.2021;97;8.996;23.4
16.08.2021;97;8.618;22.9
17.08.2021;105;12.709;20.9
18.08.2021;101;10.43;19.9
19.08.2021;98;9.089;19.8
20.08.2021;96;8.372;20.3
21.08.2021;95;7.881;20.7
22.08.2021;94;7.569;21.1
23.08.2021;108;15.657;19.3
24.08.2021;114;18.705;17.8
25.08.2021;103;11.903;18.1
26.08.2021;100;10.007;17.7
27.08.2021;103;11.756;18.2
28.08.2021;100;10.023;16.8
29.08.2021;99;9.79;16.2
30.08.2021;97;8.905;15.9
31.08.2021;96;8.406;16.8
01.09.2021;97;8.763;17.8
02.09.2021;95;8.047;17.8
03.09.2021;95;7.881;18.3
04.09.2021;94;7.459;18.4
05.09.2021;93;7.208;18.4
06.09.2021;93;7.208;18.2
07.09.2021;93;7.103;17.8
08.09.2021;92;6.967;17.9
09.09.2021;92;6.847;17.7
10.09.2021;92;6.847;18
11.09.2021;92;6.79;18.3
12.09.2021;91;6.421;18.6
13.09.2021;90;6.175;18.9
14.09.2021;90;6.175;19.4
15.09.2021;90;6.175;19.3
16.09.2021;90;6.175;19.3
17.09.2021;102;12.748;18.2
18.09.2021;102;11.261;17.3
19.09.2021;95;8.052;16.8
20.09.2021;110;16.049;15.3
21.09.2021;107;14.023;14.4
22.09.2021;99;9.919;14.1
23.09.2021;96;8.427;14.3
24.09.2021;94;7.7;15.4
25.09.2021;93;7.302;16
26.09.2021;92;7.012;16.7
27.09.2021;92;6.907;17.4
28.09.2021;92;6.834;17.5
29.09.2021;99;10.749;17.4
30.09.2021;119;21.902;15.9
01.10.2021;102;11.237;14.8
02.10.2021;97;8.984;15.3
03.10.2021;95;8.098;14.9
04.10.2021;94;7.601;16.3
05.10.2021;93;7.287;16.3
06.10.2021;101;11.352;15.3
07.10.2021;128;28.891;13.6
08.10.2021;140;39.779;12.4
09.10.2021;122;24.254;11.8
10.10.2021;112;16.685;10.7
11.10.2021;111;16.045;11
12.10.2021;106;13.253;11
13.10.2021;104;12.082;10.7
14.10.2021;102;11.025;10.1
15.10.2021;100;10.183;10.9
16.10.2021;99;9.576;10.7
17.10.2021;98;9.291;11.3
18.10.2021;97;8.69;10.8
19.10.2021;96;8.388;10.7
20.10.2021;95;8.064;11.6
21.10.2021;95;7.864;12.8
22.10.2021;118;21.966;12.6
23.10.2021;115;18.688;11.7
24.10.2021;107;14.074;10.6
25.10.2021;103;11.643;9.2
26.10.2021;102;11.362;8.6
27.10.2021;101;10.488;8.9
28.10.2021;99;9.748;9.1
29.10.2021;98;9.329;8.8
30.10.2021;98;9.161;8.3
31.10.2021;97;8.96;8.9
01.11.2021;96;8.441;9.6
02.11.2021;145;47.219;10.4
03.11.2021;134;34.249;9.7
04.11.2021;211;122.074;10.6
05.11.2021;168;69.17;9
06.11.2021;138;38.058;9.4
07.11.2021;127;27.853;9.7
08.11.2021;135;35.66;9.6
09.11.2021;134;34.446;9.4
10.11.2021;124;25.998;8.3
11.11.2021;120;22.452;7.9
12.11.2021;117;20.037;8.3
13.11.2021;114;18.228;8.6
14.11.2021;112;16.989;8.9
15.11.2021;110;15.902;9.1
16.11.2021;108;14.654;9.1
17.11.2021;107;13.724;8.8
18.11.2021;106;13.039;9.1
19.11.2021;104;12.17;8.2
20.11.2021;103;11.62;7.6
21.11.2021;102;11.168;7
22.11.2021;102;11.064;6.9
23.11.2021;101;10.626;7.1
24.11.2021;100;10.161;5.7
25.11.2021;100;9.945;4.7
26.11.2021;129;32.582;6.4
27.11.2021;147;46.582;6.3
28.11.2021;169;70.954;6.6
29.11.2021;168;69.088;6.2
30.11.2021;146;45.41;5.7
01.12.2021;137;36.995;6
02.12.2021;204;116.377;6.9
03.12.2021;211;121.512;6.7
04.12.2021;166;67.38;6.4
05.12.2021;159;58.844;6.5
06.12.2021;154;53.499;6.4
07.12.2021;141;40.777;5.4
08.12.2021;132;32.587;4.6
09.12.2021;130;30.885;4.1
10.12.2021;125;26.086;4.8
11.12.2021;121;23.144;5
12.12.2021;117;20.45;4.1
13.12.2021;115;19.105;4.6
14.12.2021;115;19.076;5.4
15.12.2021;119;21.881;5.5
16.12.2021;122;23.96;5.4
17.12.2021;121;23.104;5.1
18.12.2021;120;22.324;4.3
19.12.2021;118;21.315;4.2
20.12.2021;120;22.61;3.6
21.12.2021;118;20.87;3.2
22.12.2021;115;18.654;3.3
23.12.2021;112;16.83;3.7
24.12.2021;111;16.428;4.4
25.12.2021;116;19.817;5.4
26.12.2021;137;37.361;5.1
27.12.2021;131;31.438;5.1
28.12.2021;125;26.385;5.4
29.12.2021;131;31.316;5.4
30.12.2021;128;29.08;5.5
31.12.2021;131;31.705;5.6
01.01.2022;139;38.928;5.4
02.01.2022;138;37.341;5.4
03.01.2022;134;33.972;5.6
04.01.2022;131;31.308;6.1
05.01.2022;152;52.508;7.4
06.01.2022;177;79.719;5.8
07.01.2022;147;46.403;4.7
08.01.2022;136;35.717;3.3
09.01.2022;130;30.418;3.1
10.01.2022;125;26.394;4.1
11.01.2022;120;22.552;3.7
12.01.2022;116;19.922;2.7
13.01.2022;114;17.979;2.1
14.01.2022;112;17.179;2.8
15.01.2022;112;17.016;3.2
16.01.2022;111;16.507;3.1
17.01.2022;110;15.928;3.3
18.01.2022;109;14.88;4
19.01.2022;106;13.557;3.4
20.01.2022;106;13.318;3.2
21.01.2022;106;13.318;3.3
22.01.2022;104;12.464;2.8
23.01.2022;104;12.17;3.5
24.01.2022;103;11.641;4
25.01.2022;102;11.211;3.8
26.01.2022;102;11.147;3.8
27.01.2022;102;11.168;3.3
28.01.2022;102;11.043;3.6
29.01.2022;101;10.667;3.3
30.01.2022;101;10.606;3.6
31.01.2022;100;10.261;3
01.02.2022;100;10.18;2.8
02.02.2022;100;9.945;3.5
03.02.2022;99;9.709;3.8
04.02.2022;98;9.443;5
05.02.2022;98;9.291;5.1
06.02.2022;98;9.253;4.6
07.02.2022;98;9.329;6
08.02.2022;98;9.276;4.8
09.02.2022;97;8.795;4.6
10.02.2022;97;8.636;4.7
11.02.2022;95;8.151;5.3
12.02.2022;96;8.477;5.3
13.02.2022;96;8.388;4.4
14.02.2022;96;8.354;4.1
15.02.2022;97;8.817;5.5
16.02.2022;108;14.516;6
17.02.2022;101;10.878;6.8
18.02.2022;100;10.279;6.6
19.02.2022;100;10.012;7.6
20.02.2022;103;11.883;7.8
21.02.2022;102;11.169;7.5
22.02.2022;102;11.363;6.9
23.02.2022;100;10.243;6.3
24.02.2022;98;9.348;6.3
25.02.2022;99;9.544;6.3
26.02.2022;99;9.656;5.7
27.02.2022;98;9.088;5.5
28.02.2022;97;8.813;5.3
01.03.2022;96;8.512;5.3
02.03.2022;96;8.388;4.8
03.03.2022;96;8.337;4.9
04.03.2022;96;8.355;5.3
05.03.2022;95;8.03;4.7
06.03.2022;95;7.946;4.8
07.03.2022;94;7.684;4.2
08.03.2022;94;7.554;4.5
09.03.2022;93;7.255;4.8
10.03.2022;93;7.208;5.7
11.03.2022;93;7.178;6
12.03.2022;92;6.907;5.3
13.03.2022;92;6.847;5.2
14.03.2022;92;6.847;6.5
15.03.2022;92;6.847;6.7
16.03.2022;92;6.892;7.8
17.03.2022;92;6.847;8.2
18.03.2022;92;6.847;8.1
19.03.2022;92;6.892;7.8
20.03.2022;92;6.747;8.3
21.03.2022;92;6.804;7.7
22.03.2022;92;6.79;7.8
23.03.2022;93;7.078;8.6
24.03.2022;92;6.775;9.8
25.03.2022;93;7.179;10.4
26.03.2022;94;7.491;10.7
27.03.2022;95;7.831;11.1
28.03.2022;95;7.982;11.6
29.03.2022;96;8.53;11.6
30.03.2022;97;8.724;10.4
31.03.2022;103;12.158;10
01.04.2022;119;21.525;9.2
02.04.2022;132;32.959;7.7
03.04.2022;128;29.236;7.1
04.04.2022;119;21.682;8.1
05.04.2022;114;18.011;9.1
06.04.2022;112;16.694;10.5
07.04.2022;113;17.9;11.6
08.04.2022;112;17.097;10.9
09.04.2022;119;22.249;10.1
10.04.2022;123;25.168;8.4
11.04.2022;113;17.765;9.5
12.04.2022;110;15.438;11.1
13.04.2022;109;14.829;12.2
14.04.2022;109;15.135;13.2
15.04.2022;110;15.908;12.6
16.04.2022;110;15.824;11.6
17.04.2022;108;14.481;10.5
18.04.2022;105;12.854;10.5
19.04.2022;104;12.174;10.4
20.04.2022;106;13.547;10.8
21.04.2022;102;11.255;11.1
22.04.2022;108;15.098;10.7
23.04.2022;126;26.968;10.5
24.04.2022;118;20.746;12
25.04.2022;118;21.241;12.8
26.04.2022;113;17.317;12.9
27.04.2022;125;27.228;11.7
28.04.2022;129;30.16;11.2
29.04.2022;120;22.624;12.1
30.04.2022;115;19.165;12.9
01.05.2022;115;19.04;13
02.05.2022;165;66.481;11.7
03.05.2022;147;46.233;12
04.05.2022;133;33.331;12.6
05.05.2022;126;26.93;13.2
06.05.2022;121;22.919;12.9
07.05.2022;120;22.214;12
08.05.2022;131;31.503;12.1
09.05.2022;127;27.893;12.6
10.05.2022;120;22.553;14.6
11.05.2022;116;19.685;15.9
12.05.2022;114;18.338;17.1
13.05.2022;113;17.814;17.2
14.05.2022;114;18.331;17.2
15.05.2022;110;15.439;17.8
16.05.2022;109;14.846;18
17.05.2022;109;14.819;17.4
18.05.2022;106;13.109;17.5
19.05.2022;104;12.06;17.4
20.05.2022;102;11.254;18.4
21.05.2022;102;11.001;19.4
22.05.2022;105;12.729;19.8
23.05.2022;102;11.383;19.5
24.05.2022;101;10.587;19.6
25.05.2022;100;10.263;19.6
26.05.2022;102;11.073;19.7
27.05.2022;100;10.241;20
28.05.2022;104;12.439;17.4
29.05.2022;110;15.914;13.8
30.05.2022;116;19.634;12.6
31.05.2022;109;15.056;15.3
01.06.2022;104;12.288;18
02.06.2022;108;15.64;18.7
03.06.2022;138;39.131;17
04.06.2022;114;18.365;19.2
05.06.2022;107;13.829;20.8
06.06.2022;108;14.708;21.1
07.06.2022;104;12.123;20.5
08.06.2022;149;49.141;17.2
09.06.2022;124;25.327;15.1
10.06.2022;115;18.709;14.9
11.06.2022;107;14.169;17
12.06.2022;106;13.04;19
13.06.2022;103;11.883;19.6
14.06.2022;102;11.086;19.9
15.06.2022;100;10.322;20.5
16.06.2022;101;10.785;20.7
17.06.2022;108;14.645;20.5
18.06.2022;101;10.428;21.3
19.06.2022;98;9.348;22
20.06.2022;97;8.798;23
21.06.2022;96;8.477;23
22.06.2022;96;8.388;22.3
23.06.2022;95;8.166;22.4
24.06.2022;96;8.252;23
25.06.2022;98;9.059;23
26.06.2022;94;7.766;23.5
27.06.2022;93;7.271;24.5
28.06.2022;92;6.997;24.4
29.06.2022;92;6.847;24.7
30.06.2022;92;6.967;24.8
01.07.2022;91;6.618;25.4
02.07.2022;91;6.646;24
03.07.2022;91;6.421;24.4
04.07.2022;90;6.175;24.5
05.07.2022;136;38.155;20.9
06.07.2022;110;15.704;21.1
07.07.2022;103;11.659;20.7
08.07.2022;109;15.15;19.6
09.07.2022;102;11.3;19.3
10.07.2022;98;9.426;19.6
11.07.2022;97;8.619;20
12.07.2022;96;8.252;20.7
13.07.2022;94;7.601;21.5
14.07.2022;93;7.271;22.6
15.07.2022;92;7.012;22.8
16.07.2022;93;7.028;23.5
17.07.2022;94;7.426;23.5
18.07.2022;92;6.675;23.2
19.07.2022;91;6.394;23.5
20.07.2022;89;5.955;24.1
21.07.2022;89;5.955;24.4
22.07.2022;89;5.742;25.2
23.07.2022;88;5.57;25.5
24.07.2022;89;5.717;25.8
25.07.2022;88;5.595;26.1
26.07.2022;89;5.717;23.9
27.07.2022;89;5.742;23.5
28.07.2022;88;5.558;23.7
29.07.2022;88;5.57;24.2
30.07.2022;93;7.435;22.5
31.07.2022;91;6.411;21.9
01.08.2022;89;5.817;22.5
02.08.2022;89;5.791;23.3
03.08.2022;89;5.945;23.6
04.08.2022;88;5.432;24.7
05.08.2022;87;5.293;25.3
06.08.2022;88;5.452;25
07.08.2022;87;5.305;22.7
08.08.2022;87;5.293;21.2
09.08.2022;87;5.206;22.4
10.08.2022;86;5.033;22
11.08.2022;86;5.013;21.9
12.08.2022;86;5.044;20.7
13.08.2022;90;6.104;18.8
14.08.2022;91;6.393;20.5
15.08.2022;88;5.61;21.8
16.08.2022;87;5.293;22.9
17.08.2022;87;5.174;23.9
18.08.2022;86;4.942;23.9
19.08.2022;86;5.145;22.2
20.08.2022;87;5.271;22.5
21.08.2022;86;5.141;21
22.08.2022;86;5.076;19.5
23.08.2022;88;5.634;19.8
24.08.2022;87;5.374;21.2
25.08.2022;87;5.185;22.8
26.08.2022;86;5.098;23.2
27.08.2022;88;5.522;22.8
28.08.2022;97;9.035;21.9
29.08.2022;94;7.656;21.6
30.08.2022;91;6.553;21.8
31.08.2022;89;5.942;21
01.09.2022;94;7.67;19.3
02.09.2022;95;7.937;19.3
03.09.2022;92;6.764;19.4
04.09.2022;90;6.112;20.1
05.09.2022;90;6.182;20.3
06.09.2022;89;5.742;21.8
07.09.2022;89;5.717;22.2
08.09.2022;90;6.068;20.4
09.09.2022;95;7.969;19.3
10.09.2022;98;9.471;19.2
11.09.2022;98;9.45;18.5
12.09.2022;94;7.433;18.4
13.09.2022;92;6.676;18.8
14.09.2022;90;6.216;19.7
15.09.2022;103;13.59;19.2
16.09.2022;169;71.778;16.8
17.09.2022;235;153.004;14.2
18.09.2022;163;64.537;12.8
19.09.2022;130;30.291;13.9
20.09.2022;116;20.013;13.6
21.09.2022;110;15.681;13.2
22.09.2022;106;13.252;13.1
23.09.2022;103;11.928;13.2
24.09.2022;101;10.877;13.2
25.09.2022;116;22.987;13.7
26.09.2022;184;88.06;13.3
27.09.2022;155;54.392;13.6
28.09.2022;158;58.279;12.7
29.09.2022;208;123.923;13.3
30.09.2022;255;181.991;12.8
01.10.2022;205;113.528;13.3
02.10.2022;169;70.504;12.7
03.10.2022;147;45.952;13.4
04.10.2022;134;34.261;12.7
05.10.2022;127;27.943;12.7
06.10.2022;123;24.708;13.5
07.10.2022;119;21.685;13.9
08.10.2022;115;19.164;13.9
09.10.2022;113;17.591;14
10.10.2022;111;16.296;13.9
11.10.2022;109;15.26;14
12.10.2022;108;14.331;14
13.10.2022;106;13.485;13.5
14.10.2022;105;12.829;13.2
15.10.2022;104;12.328;12.8
16.10.2022;104;11.993;13.1
17.10.2022;102;11.405;13.5
18.10.2022;101;10.876;13.7
19.10.2022;101;10.647;13.6
20.10.2022;100;10.281;13.6
21.10.2022;100;9.964;13.3
22.10.2022;112;19.381;13.7
23.10.2022;142;42.035;12.6
24.10.2022;117;20.118;13.7
25.10.2022;118;21.48;14.1
26.10.2022;122;23.99;12.9
27.10.2022;114;18.279;13.2
28.10.2022;109;15.161;12.8
29.10.2022;107;13.75;12.9
30.10.2022;105;12.876;13
31.10.2022;104;12.148;12.7
01.11.2022;103;11.905;12.6
02.11.2022;102;11.405;13.1
03.11.2022;104;12.105;13.6
04.11.2022;124;30.026;12.8
05.11.2022;157;56.986;10
06.11.2022;129;30.017;9.2
07.11.2022;119;21.611;9.9
08.11.2022;113;17.814;9.4
09.11.2022;111;16.112;9.7
10.11.2022;110;15.388;10.8
11.11.2022;110;15.932;10.2
12.11.2022;108;14.63;10
13.11.2022;107;13.605;10.1
14.11.2022;105;13.015;10.6
15.11.2022;105;12.945;10.9
16.11.2022;106;13.559;10.5
17.11.2022;109;15.058;10.3
18.11.2022;109;14.786;9.8
19.11.2022;109;14.779;8.6
20.11.2022;116;19.789;7.9
21.11.2022;115;19.286;7.8
22.11.2022;120;23.867;7.9
23.11.2022;171;72.627;8.4
24.11.2022;141;41.079;8.3
25.11.2022;128;29.027;7.5
26.11.2022;121;23.655;7.3
27.11.2022;117;20.598;7.1
28.11.2022;115;19.222;6.6
29.11.2022;113;17.701;7
30.11.2022;111;16.587;6.9
01.12.2022;116;19.371;6.7
02.12.2022;118;21.194;7
03.12.2022;118;21.23;7
04.12.2022;141;41.979;7.2
05.12.2022;167;68.551;7.6
06.12.2022;220;132.631;7.9
07.12.2022;170;72.412;7.4
08.12.2022;149;48.69;7.1
09.12.2022;173;82.156;6.8
10.12.2022;277;215.893;7.4
11.12.2022;217;128.442;7.1
12.12.2022;182;85.994;6.4
13.12.2022;162;62.261;5
14.12.2022;150;48.984;5.5
15.12.2022;142;41.67;4.9
16.12.2022;200;108.497;5.6
17.12.2022;228;142.786;6.4
18.12.2022;184;87.972;6.3
19.12.2022;163;64.417;6
20.12.2022;153;52.143;5.9
21.12.2022;146;44.914;5.9
22.12.2022;141;40.307;6.4
23.12.2022;137;37.108;6.6
24.12.2022;134;34.455;7.3
25.12.2022;132;31.954;7.3
26.12.2022;130;30.197;7.3
27.12.2022;128;28.762;7.4
28.12.2022;126;26.849;7
29.12.2022;123;25.19;6
30.12.2022;121;23.578;7.6
31.12.2022;120;22.665;8.6
