Datum;pretok (m3/s)
01.01.2018;199.104
02.01.2018;234.621
03.01.2018;192.017
04.01.2018;214.858
05.01.2018;221.596
06.01.2018;189.346
07.01.2018;184.983
08.01.2018;219.029
09.01.2018;298.225
10.01.2018;336.733
11.01.2018;342.979
12.01.2018;333.267
13.01.2018;277.879
14.01.2018;243.433
15.01.2018;226.775
16.01.2018;239.483
17.01.2018;244.471
18.01.2018;226.45
19.01.2018;246.979
20.01.2018;228.746
21.01.2018;201.008
22.01.2018;235.483
23.01.2018;228.275
24.01.2018;182.067
25.01.2018;194.533
26.01.2018;215.071
27.01.2018;206.546
28.01.2018;160.346
29.01.2018;158.338
30.01.2018;185.163
31.01.2018;179.271
01.02.2018;222.338
02.02.2018;227.396
03.02.2018;207.758
04.02.2018;172.838
05.02.2018;191.158
06.02.2018;196.621
07.02.2018;221.063
08.02.2018;197.979
09.02.2018;207.929
10.02.2018;188.329
11.02.2018;137.533
12.02.2018;181.413
13.02.2018;200.238
14.02.2018;183.946
15.02.2018;174.975
16.02.2018;184.296
17.02.2018;187.454
18.02.2018;138.288
19.02.2018;212.554
20.02.2018;196.213
21.02.2018;171.754
22.02.2018;199.663
23.02.2018;186.15
24.02.2018;145.125
25.02.2018;124.433
26.02.2018;152.908
27.02.2018;192.938
28.02.2018;159.229
01.03.2018;132.958
02.03.2018;168.267
03.03.2018;153.392
04.03.2018;140.492
05.03.2018;160.408
06.03.2018;197.429
07.03.2018;193.763
08.03.2018;167.225
09.03.2018;170.608
10.03.2018;137.467
11.03.2018;174.575
12.03.2018;329.313
13.03.2018;285.217
14.03.2018;274.154
15.03.2018;257.346
16.03.2018;304.788
17.03.2018;245.613
18.03.2018;188.95
19.03.2018;295.029
20.03.2018;276.821
21.03.2018;254.788
22.03.2018;216.058
23.03.2018;250.171
24.03.2018;206.408
25.03.2018;163.523
26.03.2018;222.475
27.03.2018;218.758
28.03.2018;204.025
29.03.2018;197.733
30.03.2018;293.479
31.03.2018;344.75
01.04.2018;361.558
02.04.2018;307.125
03.04.2018;274.238
04.04.2018;300.146
05.04.2018;335.233
06.04.2018;307.538
07.04.2018;259.033
08.04.2018;286.033
09.04.2018;290.333
10.04.2018;301.65
11.04.2018;310.129
12.04.2018;366.429
13.04.2018;508.392
14.04.2018;423.1
15.04.2018;387.117
16.04.2018;484.683
17.04.2018;565.408
18.04.2018;545.592
19.04.2018;491.992
20.04.2018;482.083
21.04.2018;538.663
22.04.2018;520.908
23.04.2018;502.413
24.04.2018;544.158
25.04.2018;549.05
26.04.2018;559.783
27.04.2018;625.121
28.04.2018;543.75
29.04.2018;481.379
30.04.2018;513.742
01.05.2018;555.55
02.05.2018;507.075
03.05.2018;515.554
04.05.2018;554.704
05.05.2018;684.071
06.05.2018;568.163
07.05.2018;561.958
08.05.2018;542.233
09.05.2018;551.142
10.05.2018;497.446
11.05.2018;465.796
12.05.2018;468.921
13.05.2018;477.25
14.05.2018;460.1
15.05.2018;615.808
16.05.2018;612.208
17.05.2018;482.654
18.05.2018;474.538
19.05.2018;472.129
20.05.2018;431.488
21.05.2018;385.846
22.05.2018;426.342
23.05.2018;436.554
24.05.2018;440.396
25.05.2018;494.696
26.05.2018;495.933
27.05.2018;479.425
28.05.2018;531.35
29.05.2018;536.567
30.05.2018;510.929
31.05.2018;512.554
01.06.2018;538.779
02.06.2018;537.596
03.06.2018;529.713
04.06.2018;494.029
05.06.2018;460.858
06.06.2018;464.508
07.06.2018;473.892
08.06.2018;509.75
09.06.2018;491.933
10.06.2018;424.054
11.06.2018;449.408
12.06.2018;448.754
13.06.2018;464.742
14.06.2018;437.15
15.06.2018;399.063
16.06.2018;378.467
17.06.2018;345.013
18.06.2018;339.683
19.06.2018;348.075
20.06.2018;345.067
21.06.2018;324.746
22.06.2018;362.342
23.06.2018;339.783
24.06.2018;272.896
25.06.2018;331.513
26.06.2018;297.171
27.06.2018;279.229
28.06.2018;264.4
29.06.2018;296.121
30.06.2018;264.421
01.07.2018;211
02.07.2018;272.529
03.07.2018;293.413
04.07.2018;317.4
05.07.2018;307.021
06.07.2018;293.025
07.07.2018;315.721
08.07.2018;248.771
09.07.2018;246.533
10.07.2018;251.808
11.07.2018;285.438
12.07.2018;284.333
13.07.2018;283.696
14.07.2018;250.542
15.07.2018;244.333
16.07.2018;250.375
17.07.2018;248.475
18.07.2018;258.363
19.07.2018;230.063
20.07.2018;244.35
21.07.2018;252.688
22.07.2018;214.913
23.07.2018;232.358
24.07.2018;250.571
25.07.2018;268.313
26.07.2018;205.1
27.07.2018;190.604
28.07.2018;194.096
29.07.2018;183.438
30.07.2018;204.833
31.07.2018;213.567
01.08.2018;196.996
02.08.2018;199.696
03.08.2018;226.7
04.08.2018;220.396
05.08.2018;170.088
06.08.2018;234.658
07.08.2018;191.992
08.08.2018;186.108
09.08.2018;179.963
10.08.2018;187.554
11.08.2018;212.975
12.08.2018;152
13.08.2018;228.096
14.08.2018;193.717
15.08.2018;174.946
16.08.2018;179.421
17.08.2018;160.471
18.08.2018;147.675
19.08.2018;140.783
20.08.2018;181.546
21.08.2018;191.083
22.08.2018;202.258
23.08.2018;210.188
24.08.2018;267.363
25.08.2018;302.304
26.08.2018;287.913
27.08.2018;291.542
28.08.2018;269.333
29.08.2018;235.308
30.08.2018;229.433
31.08.2018;342.958
01.09.2018;554.142
02.09.2018;448.192
03.09.2018;373.392
04.09.2018;397.179
05.09.2018;359.021
06.09.2018;333.508
07.09.2018;307.983
08.09.2018;263.842
09.09.2018;247.333
10.09.2018;253.588
11.09.2018;252.825
12.09.2018;226.729
13.09.2018;236.879
14.09.2018;254.208
15.09.2018;231.692
16.09.2018;186.858
17.09.2018;222.508
18.09.2018;209.9
19.09.2018;201.321
20.09.2018;210.654
21.09.2018;184.583
22.09.2018;190.563
23.09.2018;165.413
24.09.2018;216.371
25.09.2018;196.617
26.09.2018;162.992
27.09.2018;174.979
28.09.2018;167.546
29.09.2018;154.871
30.09.2018;135.625
01.10.2018;194.417
02.10.2018;198.283
03.10.2018;171.308
04.10.2018;166.988
05.10.2018;159.121
06.10.2018;140.2
07.10.2018;149.192
08.10.2018;181.671
09.10.2018;205.263
10.10.2018;160.375
11.10.2018;150.475
12.10.2018;165.917
13.10.2018;121.488
14.10.2018;101.875
15.10.2018;144.746
16.10.2018;158.421
17.10.2018;163.488
18.10.2018;139.096
19.10.2018;154.379
20.10.2018;133.892
21.10.2018;116.858
22.10.2018;134.942
23.10.2018;133.65
24.10.2018;180.863
25.10.2018;143.354
26.10.2018;192.067
27.10.2018;489.213
28.10.2018;623.642
29.10.2018;985.467
30.10.2018;1330.067
31.10.2018;872.771
01.11.2018;702.833
02.11.2018;728.029
03.11.2018;596.758
04.11.2018;497.333
05.11.2018;466.388
06.11.2018;452.896
07.11.2018;454.7
08.11.2018;407.175
09.11.2018;399.413
10.11.2018;369.508
11.11.2018;323.821
12.11.2018;330.342
13.11.2018;322.258
14.11.2018;305.538
15.11.2018;302.617
16.11.2018;286.613
17.11.2018;234.979
18.11.2018;234.113
19.11.2018;263.146
20.11.2018;273.55
21.11.2018;265.588
22.11.2018;250.708
23.11.2018;266.029
24.11.2018;247.913
25.11.2018;279.138
26.11.2018;275.046
27.11.2018;312.367
28.11.2018;243.188
29.11.2018;223.958
30.11.2018;233.008
01.12.2018;211.908
02.12.2018;206.942
03.12.2018;209.529
04.12.2018;192.388
05.12.2018;194.188
06.12.2018;212.292
07.12.2018;202.388
08.12.2018;179.925
09.12.2018;142.179
10.12.2018;200.95
11.12.2018;211.929
12.12.2018;232.446
13.12.2018;195.146
14.12.2018;218.825
15.12.2018;153.6
16.12.2018;145.179
17.12.2018;182.488
18.12.2018;181.679
19.12.2018;172.292
20.12.2018;156.254
21.12.2018;152.217
22.12.2018;138.596
23.12.2018;120.046
24.12.2018;144.063
25.12.2018;124.921
26.12.2018;141.2
27.12.2018;187.875
28.12.2018;161.9
29.12.2018;113.217
30.12.2018;121.758
31.12.2018;133.358
01.01.2019;134.658
02.01.2019;126.596
03.01.2019;145.904
04.01.2019;128
05.01.2019;114.883
06.01.2019;108.892
07.01.2019;141.875
08.01.2019;104.367
09.01.2019;141.188
10.01.2019;153.788
11.01.2019;182.725
12.01.2019;94.783
13.01.2019;98.654
14.01.2019;120.021
15.01.2019;124.113
16.01.2019;135.625
17.01.2019;146.825
18.01.2019;153.671
19.01.2019;135.171
20.01.2019;152.1
21.01.2019;160.754
22.01.2019;143.179
23.01.2019;150.046
24.01.2019;160.025
25.01.2019;159.854
26.01.2019;140.025
27.01.2019;64.654
28.01.2019;135.35
29.01.2019;169.888
30.01.2019;117.521
31.01.2019;239.525
01.02.2019;219.292
02.02.2019;277.45
03.02.2019;369.296
04.02.2019;290.925
05.02.2019;263.471
06.02.2019;227.617
07.02.2019;200.317
08.02.2019;201.596
09.02.2019;192.838
10.02.2019;127.513
11.02.2019;180.479
12.02.2019;173.879
13.02.2019;176.554
14.02.2019;212.25
15.02.2019;191.058
16.02.2019;151.279
17.02.2019;164.325
18.02.2019;157.125
19.02.2019;168.1
20.02.2019;192.058
21.02.2019;153.438
22.02.2019;172.708
23.02.2019;169.917
24.02.2019;158.825
25.02.2019;192.658
26.02.2019;177.567
27.02.2019;208.167
28.02.2019;142.092
01.03.2019;203.25
02.03.2019;213.95
03.03.2019;113.225
04.03.2019;180.442
05.03.2019;183.783
06.03.2019;180.717
07.03.2019;195.446
08.03.2019;170.942
09.03.2019;222.717
10.03.2019;209.629
11.03.2019;196.742
12.03.2019;189.504
13.03.2019;192.021
14.03.2019;171.708
15.03.2019;164.788
16.03.2019;160.254
17.03.2019;142.046
18.03.2019;230.017
19.03.2019;219.879
20.03.2019;212.496
21.03.2019;214.204
22.03.2019;169.683
23.03.2019;169.179
24.03.2019;167.467
25.03.2019;157.892
26.03.2019;187.854
27.03.2019;186.288
28.03.2019;196.329
29.03.2019;199.029
30.03.2019;163.833
31.03.2019;130.975
01.04.2019;159.179
02.04.2019;178.567
03.04.2019;255.154
04.04.2019;291.279
05.04.2019;204.329
06.04.2019;258.988
07.04.2019;236.408
08.04.2019;244.204
09.04.2019;253.963
10.04.2019;264.833
11.04.2019;298.463
12.04.2019;337.121
13.04.2019;317.042
14.04.2019;245.704
15.04.2019;247.842
16.04.2019;265.075
17.04.2019;252.596
18.04.2019;248.9
19.04.2019;216.875
20.04.2019;226.446
21.04.2019;211.425
22.04.2019;215.754
23.04.2019;236.213
24.04.2019;317.117
25.04.2019;343.338
26.04.2019;332.95
27.04.2019;358.792
28.04.2019;352.925
29.04.2019;371.996
30.04.2019;339.171
01.05.2019;273.642
02.05.2019;333.15
03.05.2019;325.683
04.05.2019;333.883
05.05.2019;290.229
06.05.2019;332.704
07.05.2019;339.85
08.05.2019;343.175
09.05.2019;282.008
10.05.2019;323.929
11.05.2019;306.529
12.05.2019;310.842
13.05.2019;328.275
14.05.2019;318.379
15.05.2019;311.121
16.05.2019;287.783
17.05.2019;307.471
18.05.2019;291.529
19.05.2019;199.396
20.05.2019;344.458
21.05.2019;322.671
22.05.2019;296.304
23.05.2019;332.729
24.05.2019;329.329
25.05.2019;345.571
26.05.2019;314.904
27.05.2019;402.513
28.05.2019;429.871
29.05.2019;508.367
30.05.2019;628.538
31.05.2019;495.438
01.06.2019;448.367
02.06.2019;432.367
03.06.2019;447.408
04.06.2019;495.442
05.06.2019;515.179
06.06.2019;537.367
07.06.2019;533.683
08.06.2019;481.858
09.06.2019;496.442
10.06.2019;487.792
11.06.2019;599.917
12.06.2019;696.879
13.06.2019;643.571
14.06.2019;557.938
15.06.2019;471.4
16.06.2019;469.683
17.06.2019;469.329
18.06.2019;464.504
19.06.2019;424.15
20.06.2019;422.717
21.06.2019;429.908
22.06.2019;422.492
23.06.2019;426.429
24.06.2019;363.1
25.06.2019;369.513
26.06.2019;410.054
27.06.2019;392.929
28.06.2019;420.225
29.06.2019;418.929
30.06.2019;317.942
01.07.2019;339.15
02.07.2019;379.408
03.07.2019;357.104
04.07.2019;333.929
05.07.2019;369.363
06.07.2019;277.45
07.07.2019;226.104
08.07.2019;345.438
09.07.2019;279.396
10.07.2019;261.046
11.07.2019;227.071
12.07.2019;259.967
13.07.2019;244.338
14.07.2019;173.717
15.07.2019;261.838
16.07.2019;186.917
17.07.2019;256.567
18.07.2019;208.525
19.07.2019;260.6
20.07.2019;202.225
21.07.2019;132.1
22.07.2019;268.879
23.07.2019;233.429
24.07.2019;236.1
25.07.2019;238.058
26.07.2019;266.367
27.07.2019;191.004
28.07.2019;205.929
29.07.2019;345.654
30.07.2019;228.367
31.07.2019;270.667
01.08.2019;268.913
02.08.2019;332.613
03.08.2019;277.763
04.08.2019;210.629
05.08.2019;300.079
06.08.2019;203.029
07.08.2019;216.333
08.08.2019;235.55
09.08.2019;269.363
10.08.2019;166.204
11.08.2019;170.758
12.08.2019;221.546
13.08.2019;222.113
14.08.2019;238.7
15.08.2019;179.967
16.08.2019;185.021
17.08.2019;218.683
18.08.2019;145.067
19.08.2019;181.05
20.08.2019;237.058
21.08.2019;197.867
22.08.2019;217.583
23.08.2019;217.15
24.08.2019;215.667
25.08.2019;172.838
26.08.2019;269.396
27.08.2019;176.675
28.08.2019;198.117
29.08.2019;198.596
30.08.2019;203.063
31.08.2019;139.654
01.09.2019;162.967
02.09.2019;194.525
03.09.2019;275.329
04.09.2019;182.625
05.09.2019;143.888
06.09.2019;200.196
07.09.2019;225.413
08.09.2019;303.071
09.09.2019;383.342
10.09.2019;328.213
11.09.2019;244.371
12.09.2019;281.883
13.09.2019;265.867
14.09.2019;275.388
15.09.2019;169.592
16.09.2019;222.925
17.09.2019;242.058
18.09.2019;192.742
19.09.2019;203.163
20.09.2019;177.104
21.09.2019;190.354
22.09.2019;139.338
23.09.2019;197.958
24.09.2019;208.767
25.09.2019;199.704
26.09.2019;213.138
27.09.2019;213.808
28.09.2019;168.308
29.09.2019;115.675
30.09.2019;171.446
01.10.2019;160.733
02.10.2019;224.642
03.10.2019;213.879
04.10.2019;207.596
05.10.2019;177.779
06.10.2019;102.633
07.10.2019;204.054
08.10.2019;159.513
09.10.2019;186.004
10.10.2019;150.171
11.10.2019;172.554
12.10.2019;117.842
13.10.2019;111.925
14.10.2019;162.971
15.10.2019;172.083
16.10.2019;174.442
17.10.2019;185.367
18.10.2019;181.4
19.10.2019;121.179
20.10.2019;125.379
21.10.2019;176.979
22.10.2019;156.471
23.10.2019;149.6
24.10.2019;154.554
25.10.2019;145.154
26.10.2019;105.071
27.10.2019;112.579
28.10.2019;127.933
29.10.2019;149.604
30.10.2019;168.383
31.10.2019;158.721
01.11.2019;101.167
02.11.2019;138.342
03.11.2019;160.679
04.11.2019;393.571
05.11.2019;388.954
06.11.2019;505.117
07.11.2019;461.742
08.11.2019;396.883
09.11.2019;409.042
10.11.2019;370.067
11.11.2019;326.917
12.11.2019;424.363
13.11.2019;520.629
14.11.2019;563.3
15.11.2019;482.842
16.11.2019;978.013
17.11.2019;898.25
18.11.2019;1118.717
19.11.2019;832.983
20.11.2019;750.554
21.11.2019;655.013
22.11.2019;560.588
23.11.2019;545.192
24.11.2019;546.454
25.11.2019;572.179
26.11.2019;520.129
27.11.2019;445.258
28.11.2019;441.042
29.11.2019;414.796
30.11.2019;393.571
01.12.2019;368.988
02.12.2019;370.229
03.12.2019;363.004
04.12.2019;370.55
05.12.2019;358.654
06.12.2019;334.871
07.12.2019;289.983
08.12.2019;281.263
09.12.2019;293.971
10.12.2019;296.908
11.12.2019;284.938
12.12.2019;284.721
13.12.2019;257.479
14.12.2019;271.804
15.12.2019;200.538
16.12.2019;261.804
17.12.2019;216.825
18.12.2019;274.542
19.12.2019;260.558
20.12.2019;317.742
21.12.2019;500.096
22.12.2019;558.833
23.12.2019;445.854
24.12.2019;384.067
25.12.2019;332.713
26.12.2019;338.958
27.12.2019;347.171
28.12.2019;298.279
29.12.2019;296.833
30.12.2019;268.463
31.12.2019;265.1
01.01.2020;232.346
02.01.2020;292.028
03.01.2020;250.439
04.01.2020;202.475
05.01.2020;228.85
06.01.2020;270.22
07.01.2020;177.95
08.01.2020;236.494
09.01.2020;226.542
10.01.2020;213.413
11.01.2020;210.794
12.01.2020;183.068
13.01.2020;207.068
14.01.2020;219.631
15.01.2020;209.868
16.01.2020;213.076
17.01.2020;222.942
18.01.2020;195.156
19.01.2020;187.686
20.01.2020;202.066
21.01.2020;220.26
22.01.2020;213.481
23.01.2020;219.995
24.01.2020;195.364
25.01.2020;186.229
26.01.2020;194.221
27.01.2020;187.494
28.01.2020;192.381
29.01.2020;185.423
30.01.2020;193.008
31.01.2020;161.545
01.02.2020;159.523
02.02.2020;106.255
03.02.2020;159.539
04.02.2020;165.185
05.02.2020;184.49
06.02.2020;182.533
07.02.2020;177.151
08.02.2020;123.017
09.02.2020;132.273
10.02.2020;166.104
11.02.2020;144.816
12.02.2020;147.132
13.02.2020;174.206
14.02.2020;181.213
15.02.2020;151.698
16.02.2020;106.85
17.02.2020;174.253
18.02.2020;144.317
19.02.2020;155.019
20.02.2020;158.808
21.02.2020;160.941
22.02.2020;133.041
23.02.2020;99.449
24.02.2020;167.566
25.02.2020;138.271
26.02.2020;194.622
27.02.2020;200.619
28.02.2020;207.498
29.02.2020;105.195
01.03.2020;139.738
02.03.2020;222.825
03.03.2020;227.751
04.03.2020;243.998
05.03.2020;224.998
06.03.2020;203.358
07.03.2020;201.309
08.03.2020;144.35
09.03.2020;178.514
10.03.2020;158.982
11.03.2020;148.778
12.03.2020;161.786
13.03.2020;168.91
14.03.2020;200.054
15.03.2020;136.177
16.03.2020;156.352
17.03.2020;186.299
18.03.2020;167.798
19.03.2020;175.723
20.03.2020;175.92
21.03.2020;173.76
22.03.2020;170.33
23.03.2020;207.691
24.03.2020;214.881
25.03.2020;213.323
26.03.2020;196.107
27.03.2020;198.659
28.03.2020;191.643
29.03.2020;137.082
30.03.2020;207.596
31.03.2020;236.924
01.04.2020;204.44
02.04.2020;199.195
03.04.2020;202.56
04.04.2020;193.286
05.04.2020;119.93
06.04.2020;159.847
07.04.2020;204.515
08.04.2020;169.444
09.04.2020;195.813
10.04.2020;197.901
11.04.2020;190.81
12.04.2020;199.624
13.04.2020;171.763
14.04.2020;248.953
15.04.2020;239.476
16.04.2020;248.387
17.04.2020;262.128
18.04.2020;283.24
19.04.2020;268.818
20.04.2020;284.697
21.04.2020;308.959
22.04.2020;278.863
23.04.2020;308.475
24.04.2020;288.908
25.04.2020;299.096
26.04.2020;250.713
27.04.2020;299.139
28.04.2020;327.078
29.04.2020;357.328
30.04.2020;309.847
01.05.2020;258.768
02.05.2020;297.06
03.05.2020;245.428
04.05.2020;300.45
05.05.2020;276.293
06.05.2020;277.507
07.05.2020;278.127
08.05.2020;249.328
09.05.2020;243.842
10.05.2020;311.577
11.05.2020;326.74
12.05.2020;352.825
13.05.2020;355.673
14.05.2020;379.352
15.05.2020;448.363
16.05.2020;510.907
17.05.2020;469.118
18.05.2020;427.54
19.05.2020;458.128
20.05.2020;508.763
21.05.2020;475.242
22.05.2020;414.594
23.05.2020;410.657
24.05.2020;412.898
25.05.2020;400.93
26.05.2020;396.159
27.05.2020;347.523
28.05.2020;309.1
29.05.2020;315.313
30.05.2020;273.458
31.05.2020;223.509
01.06.2020;210.897
02.06.2020;262.457
03.06.2020;240.356
04.06.2020;325.434
05.06.2020;390.594
06.06.2020;349.371
07.06.2020;301.541
08.06.2020;414.664
09.06.2020;465.091
10.06.2020;461.736
11.06.2020;466.048
12.06.2020;405.003
13.06.2020;384.624
14.06.2020;418.063
15.06.2020;413.536
16.06.2020;487.955
17.06.2020;418.135
18.06.2020;378.272
19.06.2020;374.068
20.06.2020;400.034
21.06.2020;363.358
22.06.2020;349.845
23.06.2020;353.318
24.06.2020;381.95
25.06.2020;383.726
26.06.2020;417.784
27.06.2020;357.445
28.06.2020;312.137
29.06.2020;371.725
30.06.2020;389.778
01.07.2020;407.187
02.07.2020;438.805
03.07.2020;486.168
04.07.2020;434.276
05.07.2020;312.246
06.07.2020;413.698
07.07.2020;440.021
08.07.2020;427.57
09.07.2020;395.44
10.07.2020;356.736
11.07.2020;400.801
12.07.2020;482.115
13.07.2020;379.857
14.07.2020;395.928
15.07.2020;379.483
16.07.2020;371.687
17.07.2020;386.694
18.07.2020;308.033
19.07.2020;284.334
20.07.2020;318.344
21.07.2020;293.653
22.07.2020;299.22
23.07.2020;317.914
24.07.2020;346.199
25.07.2020;368.565
26.07.2020;307.885
27.07.2020;321.468
28.07.2020;294.188
29.07.2020;300.393
30.07.2020;390.831
31.07.2020;335.366
01.08.2020;298.973
02.08.2020;332.443
03.08.2020;485.931
04.08.2020;650.213
05.08.2020;508.482
06.08.2020;483.133
07.08.2020;437.015
08.08.2020;410.888
09.08.2020;361.46
10.08.2020;331.862
11.08.2020;320.573
12.08.2020;380.755
13.08.2020;376.156
14.08.2020;383.346
15.08.2020;421.814
16.08.2020;238.141
17.08.2020;373.152
18.08.2020;370.727
19.08.2020;333.82
20.08.2020;304.23
21.08.2020;279.875
22.08.2020;277.403
23.08.2020;256.135
24.08.2020;362.394
25.08.2020;377.065
26.08.2020;242.274
27.08.2020;292.981
28.08.2020;354.207
29.08.2020;573.091
30.08.2020;857.658
31.08.2020;897.33
01.09.2020;665.681
02.09.2020;570.525
03.09.2020;529.653
04.09.2020;451.748
05.09.2020;397.395
06.09.2020;398.635
07.09.2020;504.646
08.09.2020;467.013
09.09.2020;395.335
10.09.2020;384.906
11.09.2020;388.671
12.09.2020;371.648
13.09.2020;321.853
14.09.2020;326.723
15.09.2020;313.318
16.09.2020;334.953
17.09.2020;305.88
18.09.2020;295.962
19.09.2020;266.96
20.09.2020;227.56
21.09.2020;259.824
22.09.2020;309.397
23.09.2020;284.13
24.09.2020;289.258
25.09.2020;460.342
26.09.2020;517.239
27.09.2020;428.266
28.09.2020;409.496
29.09.2020;409.805
30.09.2020;419.199
01.10.2020;396.159
02.10.2020;397.226
03.10.2020;540.037
04.10.2020;820.229
05.10.2020;687.768
06.10.2020;607.542
07.10.2020;522.55
08.10.2020;526.016
09.10.2020;485.741
10.10.2020;476.892
11.10.2020;513.914
12.10.2020;492.981
13.10.2020;530.23
14.10.2020;519.959
15.10.2020;483.566
16.10.2020;476.218
17.10.2020;475.773
18.10.2020;406.518
19.10.2020;396.77
20.10.2020;397.117
21.10.2020;400.852
22.10.2020;370.702
23.10.2020;371.703
24.10.2020;371.14
25.10.2020;345.528
26.10.2020;385.3
27.10.2020;444.319
28.10.2020;483.436
29.10.2020;432.657
30.10.2020;420.857
31.10.2020;400.674
01.11.2020;363.787
02.11.2020;347.8
03.11.2020;334.722
04.11.2020;358.088
05.11.2020;365.408
06.11.2020;351.614
07.11.2020;320.37
08.11.2020;312.154
09.11.2020;310.057
10.11.2020;320.046
11.11.2020;308.784
12.11.2020;304.203
13.11.2020;316.161
14.11.2020;268.931
15.11.2020;243.683
16.11.2020;281.593
17.11.2020;319.929
18.11.2020;260.187
19.11.2020;248.443
20.11.2020;287.378
21.11.2020;270.099
22.11.2020;233.851
23.11.2020;223.095
24.11.2020;261.615
25.11.2020;277.784
26.11.2020;265.959
27.11.2020;253.206
28.11.2020;202.349
29.11.2020;201.873
30.11.2020;256.381
01.12.2020;233.978
02.12.2020;251.79
03.12.2020;291.305
04.12.2020;355.035
05.12.2020;368.649
06.12.2020;532.486
07.12.2020;541.158
08.12.2020;454.84
09.12.2020;460.259
10.12.2020;432.88
11.12.2020;374.638
12.12.2020;325.051
13.12.2020;291.156
14.12.2020;294.763
15.12.2020;292.211
16.12.2020;309.777
17.12.2020;311.822
18.12.2020;296.436
19.12.2020;252.313
20.12.2020;249.988
21.12.2020;269.562
22.12.2020;290.644
23.12.2020;248.582
24.12.2020;238.631
25.12.2020;257.275
26.12.2020;296.726
27.12.2020;228.411
28.12.2020;268.559
29.12.2020;298.365
30.12.2020;266.397
31.12.2020;241.693
01.01.2021;256.604
02.01.2021;284.207
03.01.2021;238.307
04.01.2021;246.599
05.01.2021;269.12
06.01.2021;245.975
07.01.2021;254.331
08.01.2021;287.99
09.01.2021;223.996
10.01.2021;173.73
11.01.2021;230.094
12.01.2021;210.191
13.01.2021;214.536
14.01.2021;238.922
15.01.2021;218.58
16.01.2021;224.509
17.01.2021;192.915
18.01.2021;196.621
19.01.2021;227.182
20.01.2021;238.793
21.01.2021;217.336
22.01.2021;242.627
23.01.2021;360.117
24.01.2021;350.372
25.01.2021;300.711
26.01.2021;268.518
27.01.2021;268.02
28.01.2021;259.854
29.01.2021;255.454
30.01.2021;224.296
31.01.2021;230.751
01.02.2021;232.078
02.02.2021;232.562
03.02.2021;219.135
04.02.2021;214.621
05.02.2021;259.651
06.02.2021;220.269
07.02.2021;264.835
08.02.2021;485.533
09.02.2021;462.523
10.02.2021;393.944
11.02.2021;379.283
12.02.2021;345.525
13.02.2021;280.859
14.02.2021;281.737
15.02.2021;289.171
16.02.2021;290.236
17.02.2021;284.212
18.02.2021;268.872
19.02.2021;258.784
20.02.2021;246.376
21.02.2021;193.734
22.02.2021;278.875
23.02.2021;274.654
24.02.2021;281.407
25.02.2021;282.101
26.02.2021;302.81
27.02.2021;278.449
28.02.2021;317.231
01.03.2021;287.701
02.03.2021;291.698
03.03.2021;305.133
04.03.2021;294.176
05.03.2021;292.925
06.03.2021;292.488
07.03.2021;243.747
08.03.2021;283.093
09.03.2021;298.244
10.03.2021;278.49
11.03.2021;270.286
12.03.2021;246.843
13.03.2021;209.208
14.03.2021;231.405
15.03.2021;296.875
16.03.2021;255.946
17.03.2021;255.279
18.03.2021;265.179
19.03.2021;223.682
20.03.2021;248.378
21.03.2021;177.473
22.03.2021;234.532
23.03.2021;231.26
24.03.2021;212.614
25.03.2021;211.187
26.03.2021;237.056
27.03.2021;200.899
28.03.2021;211.451
29.03.2021;246.037
30.03.2021;231.553
31.03.2021;292.83
01.04.2021;295.916
02.04.2021;321.298
03.04.2021;351.081
04.04.2021;303.282
05.04.2021;276.703
06.04.2021;295.578
07.04.2021;324.187
08.04.2021;287.174
09.04.2021;272.168
10.04.2021;245.066
11.04.2021;218.958
12.04.2021;275.249
13.04.2021;256.583
14.04.2021;269.878
15.04.2021;241.026
16.04.2021;240.669
17.04.2021;209.72
18.04.2021;197.4
19.04.2021;230.227
20.04.2021;215.414
21.04.2021;202.29
22.04.2021;220.958
23.04.2021;226.272
24.04.2021;203.461
25.04.2021;207.679
26.04.2021;253.897
27.04.2021;240.208
28.04.2021;242.588
29.04.2021;228.812
30.04.2021;278.522
01.05.2021;337.299
02.05.2021;502.296
03.05.2021;597.499
04.05.2021;459.927
05.05.2021;395.117
06.05.2021;394.492
07.05.2021;400.096
08.05.2021;400.488
09.05.2021;380.415
10.05.2021;403.294
11.05.2021;520.329
12.05.2021;507.381
13.05.2021;473.332
14.05.2021;475.297
15.05.2021;458.695
16.05.2021;406.334
17.05.2021;493.609
18.05.2021;526.816
19.05.2021;465.914
20.05.2021;471.183
21.05.2021;428.415
22.05.2021;397.197
23.05.2021;471.595
24.05.2021;503.674
25.05.2021;617.469
26.05.2021;593.553
27.05.2021;544.258
28.05.2021;564.01
29.05.2021;482.598
30.05.2021;466.598
31.05.2021;451.954
01.06.2021;434.826
02.06.2021;436.662
03.06.2021;482.479
04.06.2021;502.523
05.06.2021;544.551
06.06.2021;643.004
07.06.2021;606.442
08.06.2021;612.381
09.06.2021;583.708
10.06.2021;644.435
11.06.2021;619.701
12.06.2021;568.368
13.06.2021;567.784
14.06.2021;651.066
15.06.2021;573.988
16.06.2021;565.907
17.06.2021;543.68
18.06.2021;580.101
19.06.2021;596.485
20.06.2021;592.016
21.06.2021;583.367
22.06.2021;599.145
23.06.2021;584.358
24.06.2021;555.893
25.06.2021;538.244
26.06.2021;452.952
27.06.2021;419.04
28.06.2021;435.804
29.06.2021;453.814
30.06.2021;436.463
01.07.2021;423.654
02.07.2021;394.395
03.07.2021;348.48
04.07.2021;335.696
05.07.2021;403.554
06.07.2021;415.185
07.07.2021;373.88
08.07.2021;406.274
09.07.2021;503.856
10.07.2021;429.575
11.07.2021;345.809
12.07.2021;402.244
13.07.2021;364.722
14.07.2021;432.908
15.07.2021;459.882
16.07.2021;403.273
17.07.2021;362.255
18.07.2021;482.86
19.07.2021;526.499
20.07.2021;409.499
21.07.2021;342.083
22.07.2021;317.058
23.07.2021;307.497
24.07.2021;287.711
25.07.2021;308.85
26.07.2021;322.993
27.07.2021;336.463
28.07.2021;324.409
29.07.2021;293.218
30.07.2021;296.273
31.07.2021;342.765
01.08.2021;437.444
02.08.2021;502.122
03.08.2021;430.883
04.08.2021;404.422
05.08.2021;514.901
06.08.2021;447.232
07.08.2021;374.274
08.08.2021;366.917
09.08.2021;398.813
10.08.2021;351.074
11.08.2021;348.735
12.08.2021;348.917
13.08.2021;321.332
14.08.2021;276.295
15.08.2021;264.975
16.08.2021;284.571
17.08.2021;375.096
18.08.2021;307.024
19.08.2021;275.97
20.08.2021;276.441
21.08.2021;254.904
22.08.2021;238.228
23.08.2021;331.802
24.08.2021;352.737
25.08.2021;275.235
26.08.2021;272.621
27.08.2021;281.127
28.08.2021;239.955
29.08.2021;208.807
30.08.2021;222.744
31.08.2021;233.152
01.09.2021;237.818
02.09.2021;214.894
03.09.2021;219.73
04.09.2021;187.582
05.09.2021;180.577
06.09.2021;209.609
07.09.2021;188.838
08.09.2021;184.477
09.09.2021;179.856
10.09.2021;185.983
11.09.2021;162.33
12.09.2021;151.631
13.09.2021;173.346
14.09.2021;179.602
15.09.2021;171.65
16.09.2021;203.903
17.09.2021;182.5
18.09.2021;189.435
19.09.2021;132.303
20.09.2021;224.455
21.09.2021;222.391
22.09.2021;192.82
23.09.2021;165.198
24.09.2021;155.827
25.09.2021;152.712
26.09.2021;143.871
27.09.2021;149.506
28.09.2021;160.931
29.09.2021;151.023
30.09.2021;167.527
01.10.2021;188.841
02.10.2021;145.637
03.10.2021;117.352
04.10.2021;140.248
05.10.2021;202.692
06.10.2021;286.88
07.10.2021;312.634
08.10.2021;280.982
09.10.2021;220.947
10.10.2021;163.916
11.10.2021;204.253
12.10.2021;182.293
13.10.2021;191.889
14.10.2021;175.589
15.10.2021;163.009
16.10.2021;164.236
17.10.2021;135.839
18.10.2021;169.692
19.10.2021;155.346
20.10.2021;134.753
21.10.2021;146.269
22.10.2021;123.8
23.10.2021;145.036
24.10.2021;116.664
25.10.2021;142.034
26.10.2021;140.117
27.10.2021;142.911
28.10.2021;136.731
29.10.2021;125.898
30.10.2021;111.988
31.10.2021;104.374
01.11.2021;131.24
02.11.2021;244.318
03.11.2021;223.161
04.11.2021;360.618
05.11.2021;339.601
06.11.2021;217.343
07.11.2021;198.519
08.11.2021;221.049
09.11.2021;255.578
10.11.2021;170.039
11.11.2021;208.304
12.11.2021;193.646
13.11.2021;161.595
14.11.2021;154.171
15.11.2021;205.589
16.11.2021;187.382
17.11.2021;189.035
18.11.2021;165.594
19.11.2021;174.002
20.11.2021;133.432
21.11.2021;125.032
22.11.2021;149.782
23.11.2021;181.748
24.11.2021;179
25.11.2021;171.163
26.11.2021;142.005
27.11.2021;149.49
28.11.2021;150.101
29.11.2021;197.339
30.11.2021;167.452
01.12.2021;131.617
02.12.2021;190.867
03.12.2021;181.053
04.12.2021;156.605
05.12.2021;132.783
06.12.2021;175.188
07.12.2021;165.361
08.12.2021;134.42
09.12.2021;174.939
10.12.2021;157.355
11.12.2021;141.034
12.12.2021;111.636
13.12.2021;190.114
14.12.2021;176.675
15.12.2021;161.65
16.12.2021;163.743
17.12.2021;162.541
18.12.2021;117.338
19.12.2021;136.206
20.12.2021;153.028
21.12.2021;162.028
22.12.2021;130.952
23.12.2021;115.187
24.12.2021;101.689
25.12.2021;102.666
26.12.2021;104.003
27.12.2021;120.097
28.12.2021;116.341
29.12.2021;125.643
30.12.2021;123.838
31.12.2021;132.256
01.01.2022;107.378
02.01.2022;129.555
03.01.2022;139.13
04.01.2022;158.04
05.01.2022;168.81
06.01.2022;212.37
07.01.2022;169.515
08.01.2022;137.308
09.01.2022;129.522
10.01.2022;184.887
11.01.2022;167.825
12.01.2022;160.126
13.01.2022;137.779
14.01.2022;145.867
15.01.2022;157.345
16.01.2022;131.551
17.01.2022;128.882
18.01.2022;152.284
19.01.2022;147.159
20.01.2022;124.577
21.01.2022;116.602
22.01.2022;119.706
23.01.2022;109.335
24.01.2022;163.185
25.01.2022;181.142
26.01.2022;182.973
27.01.2022;152.458
28.01.2022;131.34
29.01.2022;117.784
30.01.2022;107.119
31.01.2022;139.2
01.02.2022;152.154
02.02.2022;127.001
03.02.2022;107.032
04.02.2022;114.63
05.02.2022;118.379
06.02.2022;88.251
07.02.2022;115.836
08.02.2022;113.176
09.02.2022;135.287
10.02.2022;161.257
11.02.2022;154.169
12.02.2022;119.031
13.02.2022;88.952
14.02.2022;121.808
15.02.2022;148.23
16.02.2022;145.032
17.02.2022;104.552
18.02.2022;106.374
19.02.2022;111.911
20.02.2022;104.639
21.02.2022;123.874
22.02.2022;121.93
23.02.2022;125.587
24.02.2022;136.34
25.02.2022;130.38
26.02.2022;133.061
27.02.2022;97.433
28.02.2022;124.951
01.03.2022;130.31
02.03.2022;145.637
03.03.2022;161.921
04.03.2022;152.026
05.03.2022;143.535
06.03.2022;102.082
07.03.2022;154.636
08.03.2022;154.933
09.03.2022;145.809
10.03.2022;126.824
11.03.2022;124.334
12.03.2022;88.159
13.03.2022;86.175
14.03.2022;120.037
15.03.2022;140.387
16.03.2022;140.125
17.03.2022;131.811
18.03.2022;143.53
19.03.2022;96.441
20.03.2022;94.277
21.03.2022;106.735
22.03.2022;122.214
23.03.2022;141.074
24.03.2022;142.492
25.03.2022;153.665
26.03.2022;123.104
27.03.2022;106.966
28.03.2022;129.539
29.03.2022;169.398
30.03.2022;147.456
31.03.2022;174.675
01.04.2022;147.194
02.04.2022;159.278
03.04.2022;154.124
04.04.2022;159.509
05.04.2022;165.778
06.04.2022;145.331
07.04.2022;122.245
08.04.2022;122.476
09.04.2022;196.123
10.04.2022;161.777
11.04.2022;186.324
12.04.2022;175.399
13.04.2022;215.952
14.04.2022;205.046
15.04.2022;213.669
16.04.2022;187.954
17.04.2022;168.211
18.04.2022;149.66
19.04.2022;180.382
20.04.2022;221.768
21.04.2022;189.481
22.04.2022;197.99
23.04.2022;148.471
24.04.2022;126.85
25.04.2022;197.271
26.04.2022;189.404
27.04.2022;211.226
28.04.2022;208.232
29.04.2022;197.416
30.04.2022;154.633
01.05.2022;140.583
02.05.2022;187.684
03.05.2022;176.647
04.05.2022;172.072
05.05.2022;185.573
06.05.2022;168.837
07.05.2022;198.045
08.05.2022;167.673
09.05.2022;211.368
10.05.2022;206.255
11.05.2022;219.476
12.05.2022;205.226
13.05.2022;313.994
14.05.2022;305.021
15.05.2022;277.21
16.05.2022;310.45
17.05.2022;347.263
18.05.2022;325.658
19.05.2022;322.723
20.05.2022;323.531
21.05.2022;297.807
22.05.2022;317.523
23.05.2022;302.606
24.05.2022;360.035
25.05.2022;409.258
26.05.2022;373.441
27.05.2022;258.812
28.05.2022;290.297
29.05.2022;256.287
30.05.2022;290.679
31.05.2022;244.988
01.06.2022;218.727
02.06.2022;216.816
03.06.2022;242.093
04.06.2022;326.494
05.06.2022;275.748
06.06.2022;336.678
07.06.2022;358.429
08.06.2022;411.721
09.06.2022;375.026
10.06.2022;390.121
11.06.2022;298.833
12.06.2022;254.794
13.06.2022;261.035
14.06.2022;271.563
15.06.2022;253.678
16.06.2022;249.525
17.06.2022;250.189
18.06.2022;217.634
19.06.2022;178.067
20.06.2022;238.82
21.06.2022;262.477
22.06.2022;277.26
23.06.2022;243.851
24.06.2022;214.548
25.06.2022;236.312
26.06.2022;181.432
27.06.2022;191.636
28.06.2022;179.95
29.06.2022;291.81
30.06.2022;369.614
01.07.2022;268.488
02.07.2022;208.037
03.07.2022;207.12
04.07.2022;197.861
05.07.2022;248.635
06.07.2022;223.308
07.07.2022;208.961
08.07.2022;179.711
09.07.2022;188.656
10.07.2022;143.792
11.07.2022;170.054
12.07.2022;178.474
13.07.2022;149.585
14.07.2022;160.304
15.07.2022;180.94
16.07.2022;158.181
17.07.2022;141.83
18.07.2022;149.477
19.07.2022;169.446
20.07.2022;155.953
21.07.2022;147.603
22.07.2022;170.967
23.07.2022;158.046
24.07.2022;134.782
25.07.2022;152.932
26.07.2022;202.725
27.07.2022;221.875
28.07.2022;170.667
29.07.2022;191.747
30.07.2022;261.037
31.07.2022;213.473
01.08.2022;167.739
02.08.2022;176.302
03.08.2022;178.695
04.08.2022;188.693
05.08.2022;170.367
06.08.2022;196.461
07.08.2022;195.827
08.08.2022;188.795
09.08.2022;217.696
10.08.2022;178.877
11.08.2022;182.671
12.08.2022;210.491
13.08.2022;188.096
14.08.2022;135.915
15.08.2022;166.455
16.08.2022;157.522
17.08.2022;170.347
18.08.2022;193.039
19.08.2022;220.751
20.08.2022;194.161
21.08.2022;164.767
22.08.2022;223.009
23.08.2022;171.725
24.08.2022;171.68
25.08.2022;147.619
26.08.2022;161.324
27.08.2022;143.154
28.08.2022;156.833
29.08.2022;145.529
30.08.2022;155.673
31.08.2022;173.258
01.09.2022;226.638
02.09.2022;196.249
03.09.2022;152.562
04.09.2022;137.465
05.09.2022;161.223
06.09.2022;185.756
07.09.2022;160.111
08.09.2022;170.644
09.09.2022;188.805
10.09.2022;216.014
11.09.2022;147.837
12.09.2022;165.501
13.09.2022;183.057
14.09.2022;199.123
15.09.2022;207.198
16.09.2022;228.744
17.09.2022;253.417
18.09.2022;159.641
19.09.2022;172.005
20.09.2022;166.253
21.09.2022;175.493
22.09.2022;139.746
23.09.2022;160.511
24.09.2022;155.045
25.09.2022;138.666
26.09.2022;184.999
27.09.2022;204.592
28.09.2022;226.181
29.09.2022;218.151
30.09.2022;307.852
01.10.2022;277.385
02.10.2022;250.313
03.10.2022;192.404
04.10.2022;230.919
05.10.2022;187.797
06.10.2022;203.216
07.10.2022;224.212
08.10.2022;157.375
09.10.2022;174.953
10.10.2022;157.163
11.10.2022;174.621
12.10.2022;224.961
13.10.2022;199.236
14.10.2022;170.218
15.10.2022;150.984
16.10.2022;111.773
17.10.2022;145.768
18.10.2022;179.884
19.10.2022;132.414
20.10.2022;147.553
21.10.2022;149.116
22.10.2022;135.264
23.10.2022;177.943
24.10.2022;152.875
25.10.2022;236.34
26.10.2022;224.659
27.10.2022;193
28.10.2022;199.517
29.10.2022;145.945
30.10.2022;141.365
31.10.2022;208.569
01.11.2022;154.386
02.11.2022;142.393
03.11.2022;187.22
04.11.2022;224.522
05.11.2022;219.32
06.11.2022;171.998
07.11.2022;161.578
08.11.2022;157.768
09.11.2022;172.911
10.11.2022;209.987
11.11.2022;188.254
12.11.2022;143.169
13.11.2022;134.55
14.11.2022;151.196
15.11.2022;166.647
16.11.2022;151.038
17.11.2022;136.319
18.11.2022;140.533
19.11.2022;128.555
20.11.2022;126.956
21.11.2022;145.712
22.11.2022;127.963
23.11.2022;171.416
24.11.2022;137.028
25.11.2022;131.867
26.11.2022;128.916
27.11.2022;105.415
28.11.2022;134.203
29.11.2022;147.956
30.11.2022;175.959
01.12.2022;135.824
02.12.2022;160.403
03.12.2022;128.262
04.12.2022;106.047
05.12.2022;163.659
06.12.2022;251.124
07.12.2022;140.613
08.12.2022;163.26
09.12.2022;175.678
10.12.2022;178.957
11.12.2022;140.006
12.12.2022;158.132
13.12.2022;160.418
14.12.2022;148.733
15.12.2022;157.038
16.12.2022;180.111
17.12.2022;158.059
18.12.2022;124.007
19.12.2022;123.073
20.12.2022;150.808
21.12.2022;145.755
22.12.2022;132.32
23.12.2022;128.438
24.12.2022;123.832
25.12.2022;112.279
26.12.2022;123.612
27.12.2022;136.954
28.12.2022;130.505
29.12.2022;127.932
30.12.2022;124.005
31.12.2022;142.647
